course_id,num_public_institutions,most_common_title,institutions,on_site_already
CES4605,8,STEEL DESIGN,FAMU FAU FIU FSU UCF UF USF UWF,no
CES4702,8,REINFORCED CONCRETE DESIGN,FAMU FAU FIU FSU UCF UF USF UWF,no
CWR3201,7,FLUID MECHANICS,FAMU FIU FSU UCF UF UNF UWF,no
CWR4202,7,HYDRAULIC ENGINEERING I,FAMU FAU FLPOLY FSU UF USF UWF,no
CET2615C,6,LAN SWITCHING AND WIRELESS,BC FGC NWFSC SJRSC SSCF VC,yes
CEG4012,5,GEOTECHNICAL ENGINEERING II,FAU FIU UCF UF USF,no
CES3100,5,STRUCTURAL ANALYSIS,FAMU FIU FSU UNF UWF,no
CES4711,5,PRESTRESSED CONCRETE,FAMU FAU FIU UF UNF,no
CWR4120,4,GROUNDWATER HYDROLOGY,FAMU FLPOLY FSU UCF,no
CEG3011,3,SOIL MECHANICS,FAMU FSU UWF,no
CEG4011,3,GEOTECHNICAL ENGINEERING I,FIU UF USF,no
CEG4801,3,GEOTECHNICAL DESIGN,FAMU FSU UWF,no
CES3102,3,STRUCTURES I,FLPOLY UF USF,no
CET2660,3,NETWORK SECURITY FUNDAMENTALS,DSC LSSC NWFSC,yes
CWR4540,3,WATER RESOURCE ENGINEERING,FAMU FSU USF,no
CEG2202,2,INTRO TO GEOMATICS,FAMU FSU,no
CEG2202L,2,INTRO TO GEOMATICS - LAB,FAMU FSU,no
CEG4011L,2,GEOTECHNICAL TEST LAB,FIU USF,no
CEG4104,2,ANALYSIS AND DESIGN OF EARTH RETAINING SYSTEMS,UF UNF,no
CEG4111,2,FOUNDATION ENGINEERING,FAMU UF,no
CEG4126,2,FUNDAMENTALS OF PAVEMENT DESIGN,FAU FIU,no
CES3605,2,DESIGN OF STEEL STRUCTURES,FLPOLY UNF,no
CES4704,2,ADVANCED REINFORCED CONCRETE DESIGN,FAMU USF,no
CES4743C,2,STRUCTURAL DESIGN,FLPOLY UCF,no
CES4800,2,TIMBER DESIGN,FAMU FSU,no
CES4830,2,MASONRY DESIGN,FAMU FAU,no
CET1114,2,DIGITAL CIRCUITS,CF SFC,yes
CET1171,2,INTRODUCTION TO COMPUTER SERVICE AND MAINTENANCE,CF MDC,yes
CET1178,2,A+ CERTIFICATION HARDWARE,CF IRSC,yes
CET1179,2,MICROCOMPUTER REPAIR ESSENTIALS,PHSC SSCF,yes
CET2880,2,INTRODUCTION TO COMPUTER FORENSICS,LSSC PHSC,yes
CWR3200L,2,ENVIRONMENTAL & HYDRAULICS ENGINEERING - LAB,FAMU FSU,no
CWR4306,2,URBAN STORMWATER RUNOFF,FAMU UF,no
CWR4307,2,STORMWATER MODELING AND MANAGEMENT,FAU FLPOLY,no
CEG1906,1,INDEPENDENT STUDY,UCF,no
CEG1931,1,SPECIAL TOPICS,UCF,no
CEG1955,1,STUDY ABROAD,UCF,no
CEG2955,1,STUDY ABROAD,UCF,no
CEG3012,1,GEOTECHNICAL ENGINEERING,FLPOLY,no
CEG3101,1,FOUNDATION ANALYSIS AND DESIGN,FLPOLY,no
CEG3955,1,STUDY ABROAD,UCF,no
CEG3970,1,UNDERGRADUATE HONORS THESIS,UCF,no
CEG4011C,1,GEOTECHNICAL ENGINEERING I,UCF,no
CEG4012C,1,GEOTECHNICAL ENGINEERING II,FGCU,no
CEG4101,1,ANALYSIS AND DESIGN OF FOUNDATION SYSTEMS,UNF,no
CEG4122,1,GROUND IMPROVEMENT DESIGN,FAU,no
CEG4203,1,GEOTECHNICAL METHODS AND CASE HISTORIES,UCF,no
CEG4302,1,APPLIED ENGINEERING GEOLOGY,UNF,no
CEG4701,1,ENVIRONMENTAL GEOTECHNICS,FAMU,no
CEG4850,1,CAPSTONE GEOTECHNICAL TRANSPORTATION DESIGN,USF,no
CEG4903,1,HONORS DIRECTED READING I,UCF,no
CEG4904,1,HONORS DIRECTED READING II,UCF,no
CEG4906,1,DIRECTED INDEPENDENT STUDY,UCF,no
CEG4912,1,DIRECTED INDEPENDENT RESEARCH,UCF,no
CEG4932,1,SPECIAL TOPICS,UCF,no
CEG4955,1,STUDY ABROAD,UCF,no
CEG4970,1,UNDERGRADUATE HONORS THESIS,UCF,no
CES1906,1,INDEPENDENT STUDY,UCF,no
CES1931,1,SPECIAL TOPICS,UCF,no
CES1955,1,STUDY ABROAD,UCF,no
CES2955,1,STUDY ABROAD,UCF,no
CES3102C,1,ANALYSIS OF STRUCTURES,FAU,no
CES3104,1,MECHANICS OF MATERIALS,UNF,no
CES3580,1,HURRICANE ENGINEERING AND GLOBAL SUSTAINABILITY,FIU,no
CES3955,1,STUDY ABROAD,UCF,no
CES3970,1,UNDERGRADUATE HONORS THESIS,UCF,no
CES4100C,1,STRUCTURAL ANALYSIS I AND LAB,UCF,no
CES4101,1,ADVANCED STRUCTURAL ANALYSIS,FAMU,no
CES4102,1,MATRIX STRUCTURAL ANALYSIS,UNF,no
CES4160,1,STRUCTURAL DAMAGE DETECTION,FAU,no
CES4204,1,STRUCTURAL DYNAMICS,FLPOLY,no
CES4205,1,STRUCTURAL MECHANICS,UCF,no
CES4213,1,STRUCTURAL STABILITY,FAU,no
CES4225,1,STRUCTURAL DESIGN OF BUILDINGS,FAU,no
CES4321,1,INTRODUCTION TO BRIDGE ENGINEERING,UNF,no
CES4330,1,OPTIMAL STRUCTURAL ENGINEERING,FAMU,no
CES4411,1,SCIENCE AND ENGINEERING OF MATERIALS FOR BUILT ENVIRONMENT,FIU,no
CES4526,1,NONLINEAR BEHAVIOR OF STRUCTURES,FAU,no
CES4604,1,ADVANCED STEEL STRUCTURES,FLPOLY,no
CES4731,1,CONCRETE & MASONRY DESIGN,FAMU,no
CES4750,1,CAPSTONE STRUCTURAL/GEOTECHNICAL/MATERIALS DESIGN,USF,no
CES4811,1,STEEL & TIMBER DESIGN,FAMU,no
CES4844,1,REPAIR OF STRUCTURES,UNF,no
CES4903,1,HONORS DIRECTED READING I,UCF,no
CES4904,1,HONORS DIRECTED READING II,UCF,no
CES4906,1,DIRECTED INDEPENDENT STUDY,UCF,no
CES4912,1,DIRECTED INDEPENDENT RESEARCH,UCF,no
CES4932,1,SPECIAL TOPICS,UCF,no
CES4955,1,STUDY ABROAD,UCF,no
CES4970,1,UNDERGRADUATE HONORS THESIS,UCF,no
CET1117C,1,MICROPROCESSORS,BC,yes
CET1174C,1,PC UPGRADE & REPAIR-SOFTWARE,HC,yes
CET1175C,1,MEDICAL SOFTWARE AND TROUBLESHOOTING,SPC,yes
CET1278,1,A+ FUNDAMENTALS,CF,yes
CET1461C,1,TECHNICAL COMPUTER APPLICATIONS,BC,yes
CET1487C,1,MICROCOMPUTER NETWORKING AND MAINTENANCE I,MDC,yes
CET1526C,1,INTRODUCTION OF UNIX (LINUX+),SSCF,yes
CET1605,1,CCNA1 INTRODUCTION TO NETWORKS,SCFMS,yes
CET1634C,1,TELECOMMUNICATIONS DISTRIBUTION SYSTEMS,PESC,yes
CET1660C,1,COMPUTER NETWORK SECURITY,SFSC,yes
CET1854,1,INTRODUCTION TO WIRELESS TECHNOLOGY,IRSC,yes
CET2112C,1,DIGITAL SYSTEMS I,VC,yes
CET2117C,1,MICROPROCESSORS  AND DIGITAL LOGIC,PBSC,yes
CET2118C,1,FPGA DESIGN USING VHDL,VC,yes
CET2123,1,MICROPROCESSOR FUNDAMENTALS,FAMU,yes
CET2123L,1,MICROPROCESSOR FUNDAMENTALS LAB,FAMU,yes
CET2124,1,MICROCOMPUTER TECHNOLOGY I,DSC,yes
CET2127C,1,PROGRAMMABLE LOGIC CONTROLLERS,PBSC,yes
CET2152C,1,ADVANCED MICROPROCESSORS,HC,yes
CET2154,1,A+: COMPUTER OPERATING SYSTEMS,DSC,yes
CET2171,1,COMPUTER APPLICATIONS IN ENGINEERING TECHNOLOGY: HARDWARE,FAMU,yes
CET2172C,1,INTRODUCTION TO COMPUTER DIAGNOSTIC & REPAIR,SFC,yes
CET2178C,1,A+ CONCEPTS (HARDWARE),VC,yes
CET2180,1,PRACTICAL PC TECHNICIAN,CF,yes
CET2182C,1,PC HARDWARE A+,NWFSC,yes
CET2335C,1,MICROCOMPUTER SYSTEMS,HC,yes
CET2365C,1,C PROGRAMMING FOR ENGINEERING AND TECHNOLOGY,FAMU,yes
CET2369C,1,EMBEDDED HARDWARE PROGRAMMING,TSC,yes
CET2482C,1,NOVELL NETWORK MANAGEMENT,SSCF,yes
CET2486C,1,LOCAL AREA NETWORKS,VC,yes
CET2535C,1,PROCESS CONTROL SYSTEMS,SCFMS,yes
CET2544C,1,COMPUTER VIRTUALIZATION TECHNOLOGY,VC,yes
CET2565C,1,INTRODUCTION TO SERVER OPERATING SYSTEMS,SJRSC,yes
CET2588C,1,SERVER + SERVICE AND MAINTENANCE,MDC,yes
CET2600C,1,NETWORK FUNDAMENTALS (CISCO 1),FSCJ,yes
CET2610C,1,ROUTING PROTOCOLS AND CONCEPTS,SJRSC,yes
CET2614C,1,CISCO CCNA SECURITY,PESC,yes
CET2625,1,BUILDING SCALABLE CISCO INTERNETWORKS,DSC,yes
CET2626,1,BUILDING CISCO REMOTE ACCESS NETWORKS,DSC,yes
CET2661C,1,COMPUTER AND NETWORK SECURITY,SFC,yes
CET2662,1,ADVANCES IN CYBERSECURITY,SSCF,yes
CET2664,1,ENCRYPTION AND CRYPTOGRAPHY,LSSC,yes
CET2664C,1,ELECTRONIC SECURITY,MDC,yes
CET2685,1,IMPLEMENTING CISCO NETWORK SECURITY,SPC,yes
CET2685C,1,FUNDAMENTALS OF NETWORK SECURITY,NWFSC,yes
CET2762,1,AMAZON WEB SERVICES FUNDAMENTALS,SSCF,yes
CET2792C,1,INSTALLING AND CONFIGURING WINDOWS SERVER,VC,yes
CET2793C,1,ADMINISTERING WINDOWS SERVER,VC,yes
CET2830C,1,INFORMATION SECURITY,VC,yes
CET2854,1,WIRELESS NETWORKS,SCFMS,yes
CET2854C,1,WIRELESS LANS,PESC,yes
CET2890,1,NETWORK INFRASTRUCTURE SECURITY,SCFMS,yes
CET2894,1,CAPSTONE IN CYBERSECURITY,EFSC,yes
CET2894C,1,PROJECTS IN CYBER SECURITY:  CAPSTONE COURSE,VC,yes
CET2934,1,COMPUTER INFORMATION TECHNOLOGIES PROFESSIONAL PROJECT,PESC,yes
CET2939C,1,COMPUTER ENGINEERING TECHNOLOGY CAPSTONE,HC,yes
CET3010,1,CONCEPTS IN COMPUTER TECHNOLOGY,FAMU,yes
CET3126C,1,COMPUTER ARCHITECTURE,MDC,yes
CET3136C,1,LOGIC DEVICES PROGRAMMING,VC,yes
CET3195,1,DIGITAL ELECTRONICS,FAMU,yes
CET3195L,1,DIGITAL ELECTRONICS LABORATORY,FAMU,yes
CET3350,1,APPLIED DATA STRUCTURES,FAMU,yes
CET3383,1,SOFTWARE ENGINEERING,DSC,yes
CET3464C,1,SOFTWARE APPLICATIONS IN ENGINEERING TECHNOLOGY,VC,yes
CET3468,1,COMPUTER AIDED CIRCUIT ANALYSIS,FAMU,yes
CET3623C,1,CISCO NETWORKING IV,BC,yes
CET3679,1,PRINCIPLES OF TELEPHONY,SSCF,yes
CET4126,1,ADVANCED MICROPROCESSORS,FAMU,yes
CET4126C,1,MICROPROCESSOR PROGRAMMING,VC,yes
CET4126L,1,ADVANCED MICROPROCESSORS LAB,FAMU,yes
CET4134C,1,MICROPROCESSOR ELECTRONICS II AND LAB,DSC,yes
CET4149,1,MICROPROCESSOR INTERFACING,FAMU,yes
CET4149L,1,MICROPROCESSOR INTERFACING LAB,FAMU,yes
CET4190,1,APPLIED DIGITAL SIGNAL PROCESSING,FAMU,yes
CET4190L,1,APPLIED DIGITAL PROCESSING LABORATORY,FAMU,yes
CET4367,1,MICROCONTROLLER DEVICES,SSCF,yes
CET4367C,1,MICROCONTROLLER DEVICES,VC,yes
CET4370C,1,ADVANCED PROGRAMMING APPLICATIONS,VC,yes
CET4382,1,DATA COMMUNICATION AND NETWORKING,VC,yes
CET4483,1,INTRODUCTION TO LOCAL AREA NETWORK TECHNOLOGY,FAU,yes
CET4498,1,DATA COMMUNICATIONS AND NETWORKING,FAMU,yes
CET4498L,1,DATA COMMUNICATION AND NETWORKING,FAMU,yes
CET4505,1,COMPUTER OPERATING SYSTEMS,FSWSC,yes
CET4663,1,COMPUTER AND NETWORK SECURITY,VC,yes
CET4663C,1,ELECTRONIC SECURITY,MDC,yes
CET4668,1,PRACTICE OF INFORMATION SECURITY,DSC,yes
CET4748,1,WIDE AREA NETWORKS I,UCF,yes
CET4749,1,WIDE AREA NETWORKS II,UCF,yes
CET4761,1,SERVER ADMINISTRATION,UWF,yes
CET4772,1,CLOUD COMPUTING OPERATIONS AND SECURITY,UWF,yes
CET4885,1,DIGITAL FORENSICS FOR INFORMATION SECURITY,DSC,yes
CET4915,1,CAPSTONE PROJECT,FAU,yes
CET4931,1,SPECIAL TOPICS IN COMPUTER ENGINEERING TECHNOLOGY,FAMU,yes
CWR1906,1,INDEPENDENT STUDY,UCF,no
CWR1931,1,SPECIAL TOPICS,UCF,no
CWR1955,1,STUDY ABROAD,UCF,no
CWR2955,1,STUDY ABROAD,UCF,no
CWR3202C,1,HYDROLOGY AND HYDRAULICS,FGCU,no
CWR3540,1,WATER RESOURCES ENGINEERING,FIU,no
CWR3542C,1,WATER RESOURCE ENGINEERING,FLPOLY,no
CWR3561,1,NUMERICAL METHODS AND COMPUTING IN CIVIL AND COASTAL ENGINEERING,UNF,no
CWR3955,1,STUDY ABROAD,UCF,no
CWR3970,1,UNDERGRADUATE HONORS THESIS,UCF,no
CWR4001,1,INTRODUCTION TO COASTAL & PORT ENGINEERING,UNF,no
CWR4006,1,COASTAL PROCESSES,UNF,no
CWR4009,1,OCEANOGRAPHY/ METEOROLOGY,UNF,no
CWR4010,1,FIELD METHODS,UNF,no
CWR4024,1,COASTAL & ESTUARINE HYDRODYNAMICS,UNF,no
CWR4101,1,ENGINEERING HYDROLOGY,FSU,no
CWR4121,1,GROUNDWATER FLOW AND CONTAINMENT TRANSPORT,UNF,no
CWR4124,1,HYDROGEOLOGY,UCF,no
CWR4202L,1,CIVIL ENGINEERING HYDRAULICS LABORATORY,USF,no
CWR4203,1,HYDRAULIC ENGINEERING II,FAMU,no
CWR4204,1,HYDRAULIC ENGINEERING,FIU,no
CWR4514,1,COMPUTATIONAL FLUID DYNAMICS,UNF,no
CWR4530,1,MODELING APPLICATIONS IN WATER RESOURCES ENGINEERING,FIU,no
CWR4536,1,WATERSHED MODELING,UWF,no
CWR4540C,1,WATER RESOURCES DESIGN,FGCU,no
CWR4541,1,WATER RESOURCES ENGINEERING II,USF,no
CWR4542,1,WATER RESOURCES ENGINEERING,UF,no
CWR4550,1,WATER WAVE MECHANICS,UNF,no
CWR4600,1,MAJOR RIVER SYSTEMS OF FLORIDA,UNF,no
CWR4620,1,ECOLOGICAL ENGINEERING,USF,no
CWR4620C,1,ECOHYDROLOGICAL ENGINEERING,FIU,no
CWR4624,1,HYDROCLIMATOLOGY,FLPOLY,no
CWR4812,1,CAPSTONE WATER RESOURCES/ ENVIRONMENTAL ENGINEERING DESIGN,USF,no
CWR4812C,1,WATER RESOURCES DESIGN,UCF,no
CWR4822,1,COASTAL AND ESTUARINE HYDRAULICS,FAMU,no
CWR4903,1,HONORS DIRECTED READING I,UCF,no
CWR4904,1,HONORS DIRECTED READING II,UCF,no
CWR4906,1,DIRECTED INDEPENDENT STUDY,UCF,no
CWR4912,1,DIRECTED INDEPENDENT RESEARCH,UCF,no
CWR4932,1,SPECIAL TOPICS,UCF,no
CWR4955,1,STUDY ABROAD,UCF,no
CWR4970,1,UNDERGRADUATE HONORS THESIS,UCF,no
