course_id,title,num_inst,in_master,master_status,institutions
HUN2201,FUNDAMENTALS OF HUMAN NUTRITION,15,yes,queued,CFK;FIU;FLAC;FLPOLY;HC;KU;NFC;NWFSC;PHSC;SCFMS;UCF;UF;UNF;USF;UWF
MAN4940,INTERNSHIP,15,no,,BC;CF;EWU;FAU;FLAC;JMVU;LSSC;MDC;NWFSC;PHSC;PSC;SPC;UNF;USF;UWF
PSY3213C,RESEARCH METHODS IN PSYCHOLOGY,15,yes,queued,EWU;FAMU;FAU;FGCU;FIU;FLAC;FNU;FSU;KU;STU;TCF;UCF;UNF;USF;UWF
EUH1001,WESTERN CIVILIZATION II,14,yes,queued,BC;BU;DORAL;EFSC;FLAC;FSCJ;GCSC;PESC;SCFMS;STU;TCF;TCJ;TSC;UWF
MAE4310,CONTENT AND METHODS OF TEACHING ELEMENTARY MATHEMATICS,14,yes,queued,BC;CC;DORAL;FAU;FGCU;FIU;FLAC;FSU;FSWSC;IRSC;KU;UF;USF;UWF
BCN2405C,CONSTRUCTION MECHANICS,13,yes,queued,FGCU;FIU;FSCJ;GCSC;KU;PESC;SFC;SSCF;TSC;UF;UNF;UWF;VC
BSC4434C,INTRODUCTION TO BIOINFORMATICS,13,yes,queued,EFSC;EWU;FAMU;FAU;FGCU;FIU;IRSC;KU;MDC;UCF;UF;UNF;UWF
CCJ4940,INTERNSHIP IN CRIMINOLOGY,13,no,,CF;EWU;FAU;FGCU;FIU;FNU;FSU;KU;STU;UF;UNF;USF;UWF
GEA2000,WORLD REGIONAL GEOGRAPHY,13,yes,queued,BC;CF;FAMU;FAU;FGCU;FIU;PESC;PHSC;SCFMS;SFC;TSC;USF;UWF
HSA3111,US HEALTH CARE SYSTEMS,13,yes,queued,CF;EFSC;FAU;FGCU;FIU;NWFSC;PHSC;RU;SCFMS;SFC;UCF;UF;UWF
ECO3101,INTERMEDIATE MICROECONOMICS,12,yes,queued,FAMU;FAU;FGCU;FIU;FLPOLY;FSU;STU;UCF;UF;UNF;USF;UWF
HSA3170,HEALTH CARE FINANCE,12,yes,queued,CF;FAMU;FNU;FSCJ;LSSC;PSC;RU;SCFMS;SPC;UCF;USF;UWF
LAH2020,LATIN AMERICAN HISTORY,12,yes,queued,CF;FAMU;FGCU;FIU;FSCJ;HC;SCFMS;SFC;SSCF;UF;USF;UWF
MAA4402,COMPLEX VARIABLES,12,yes,queued,EWU;FAMU;FAU;FGCU;FIU;FLPOLY;FSU;UCF;UF;UNF;USF;UWF
MAS4301,ABSTRACT ALGEBRA I,12,yes,queued,EWU;FAMU;FAU;FGCU;FIU;FLAC;SPC;UCF;UF;UNF;USF;UWF
CCJ3666,VICTIMOLOGY,11,yes,queued,EWU;FAU;FGCU;FIU;FNU;FSU;KU;MDC;STU;USF;UWF
CES4702C,REINFORCED CONCRETE DESIGN,11,yes,queued,FAMU;FAU;FGCU;FIU;FLPOLY;FSU;UCF;UF;UNF;USF;UWF
CJL3510,COURTS AND THE CRIMINAL JUSTICE SYSTEM,11,yes,queued,CF;EWU;FAMU;FSU;IRSC;PSC;SFSC;SSCF;STU;UCF;UWF
ECO3203,INTERMEDIATE MACROECONOMICS,11,yes,queued,FAMU;FAU;FGCU;FIU;FLPOLY;FSU;UCF;UF;UNF;USF;UWF
FIN4504,INVESTMENTS,11,yes,queued,DORAL;FAMU;FAU;FLAC;FSU;SPC;UCF;UF;UNF;USF;UWF
LAT1120C,BEGINNING LATIN I,11,yes,queued,FAU;FLAC;FSCJ;FSU;PESC;PHSC;TSC;UF;USF;UWF;VC
MVV3331,PRINCIPAL APPLIED VOICE,11,yes,queued,EWU;FAMU;FAU;FGCU;FIU;FLAC;FSU;UF;UNF;USF;UWF
MVV4341,PRINCIPAL APPLIED VOICE,11,yes,queued,EWU;FAMU;FAU;FGCU;FIU;FLAC;FSU;UF;UNF;USF;UWF
PAD3003,INTRODUCTION TO PUBLIC ADMINISTRATION,11,yes,queued,FAMU;FAU;FIU;FSWSC;IRSC;PESC;STU;UCF;UF;UWF;VC
PUR3000,PRINCIPLES OF PUBLIC RELATIONS,11,yes,queued,FAMU;FGCU;FIU;FLAC;FSU;UCF;UF;UIC;UNF;USF;UWF
SCE4310,CONTENT AND METHODS OF TEACHING ELEMENTARY SCIENCE,11,yes,queued,BC;CC;DORAL;FGCU;FIU;FLAC;FSU;UF;UNF;USF;UWF
SOP3004,SOCIAL PSYCHOLOGY,11,yes,queued,FAMU;FAU;FIU;FNU;FSU;SFBC;STU;UCF;UF;UNF;UWF
CCJ4700,METHODS OF RESEARCH IN CRIMINAL JUSTICE,10,yes,queued,DORAL;FAMU;FAU;FIU;FNU;FSCJ;FSU;IRSC;UF;UWF
EDG4940,INTEGRATING MATHEMATICS AND SCIENCE PRACTICUM,10,no,,CC;CFK;FAU;FGCU;FIU;IRSC;NWFSC;PSC;SPC;UWF
EGS1006C,INTRODUCTION TO THE ENGINEERING PROFESSION,10,yes,queued,CF;EFSC;FIU;LSSC;NWFSC;SSCF;UCF;UF;UWF;VC
FRE2200C,INTERMEDIATE FRENCH I,10,yes,queued,FIU;FLAC;FSCJ;NFC;SCFMS;SPC;SSCF;UCF;USF;UWF
HSA4191,HEALTH INFORMATION SYSTEMS,10,yes,queued,EWU;FAMU;FGCU;NWFSC;PESC;RU;SPC;UCF;UF;UWF
MMC2000,INTRODUCTION TO MASS MEDIA,10,yes,queued,EWU;FAMU;FSU;HC;MDC;PESC;SCFMS;SPC;STU;UWF
MUE2040,INTRODUCTION TO MUSIC EDUCATION,10,yes,queued,CF;FAU;FGCU;FIU;FLAC;FSU;UCF;UF;UNF;UWF
MUH3212,MUSIC HISTORY II,10,yes,queued,EWU;FAMU;FGCU;FIU;FLAC;FSU;UCF;UF;UNF;UWF
MVB2421,TRUMPET,10,yes,queued,FAU;FIU;FSU;PHSC;SFC;SPC;UCF;UF;USF;UWF
MVP2421,PERCUSSION,10,yes,queued,FAU;FIU;FSU;PHSC;SPC;SSCF;UCF;UF;USF;UWF
PAD6227,PUBLIC BUDGETING,10,no,,EWU;FAMU;FAU;FGCU;FIU;UCF;UF;UNF;USF;UWF
ACG4201,ADVANCED ACCOUNTING,9,yes,queued,CC;FAMU;FAU;FSU;KU;RU;STU;UNF;UWF
ACG4651,AUDITING,9,yes,queued,EWU;FAU;FIU;FNU;IRSC;KU;UCF;UNF;UWF
BSC4905C,DIRECTED STUDY,9,no,,CC;EWU;FAMU;FAU;FGCU;SPC;UNF;USF;UWF
CAP4770,DATA MINING,9,yes,queued,EFSC;FAU;FGCU;FIU;FLPOLY;SPC;UF;UNF;UWF
CCJ4641,ORGANIZED CRIME,9,yes,queued,DORAL;FIU;KU;MDC;PSC;STU;UCF;UNF;UWF
CES4605C,STEEL DESIGN,9,yes,queued,FAMU;FAU;FGCU;FIU;FSU;UCF;UF;USF;UWF
CHM4130C,INSTRUMENTAL ANALYSIS,9,yes,queued,FAMU;FGCU;FIU;FSU;UCF;UF;UNF;USF;UWF
CLP4314,HEALTH PSYCHOLOGY,9,yes,queued,FAU;FGCU;FIU;FNU;STU;UCF;UF;USF;UWF
COP2830C,WEB PROGRAMMING,9,yes,queued,FGC;FSWSC;HC;IRSC;SJRSC;SSCF;TSC;UWF;VC
COP4020,PROGRAMMING LANGUAGES,9,yes,queued,FAMU;FAU;FGCU;FLPOLY;FSU;UCF;UF;USF;UWF
CWR3201C,FLUID MECHANICS,9,yes,queued,FAMU;FAU;FGCU;FIU;FSU;UCF;UF;UNF;UWF
CWR4202C,HYDRAULICS,9,yes,queued,FAMU;FAU;FLPOLY;FSU;UCF;UF;UNF;USF;UWF
EDA6232,SCHOOL LAW,9,no,,DORAL;FAU;FGCU;FIU;UCF;UF;UNF;USF;UWF
MAP4341,PARTIAL DIFFERENTIAL EQUATIONS,9,yes,queued,EWU;FGCU;FLPOLY;FSU;UCF;UF;UNF;USF;UWF
MUE4480,MARCHING BAND TECHNIQUES,9,yes,queued,FAMU;FAU;FGCU;FIU;FSU;UF;UNF;USF;UWF
MUN3313,CONCERT CHOIR,9,yes,queued,FAMU;FGCU;FIU;FLAC;UCF;UF;UNF;USF;UWF
MUS4905,DIRECTED STUDY,9,no,,FAMU;FAU;FIU;FSU;UCF;UF;UNF;USF;UWF
MVB3331,PRINCIPAL APPLIED TRUMPET,9,yes,queued,EWU;FAMU;FAU;FIU;FLAC;FSU;UNF;USF;UWF
MVB3332,PRINCIPAL APPLIED FRENCH HORN,9,yes,queued,EWU;FAMU;FAU;FIU;FLAC;FSU;UNF;USF;UWF
MVB3333,PRINCIPAL APPLIED TROMBONE,9,yes,queued,EWU;FAMU;FAU;FIU;FLAC;FSU;UNF;USF;UWF
MVB3334,PRINCIPAL APPLIED BARITONE HORN,9,yes,queued,EWU;FAMU;FAU;FIU;FLAC;FSU;UNF;USF;UWF
MVB3335,PRINCIPAL APPLIED TUBA,9,yes,queued,EWU;FAMU;FAU;FIU;FLAC;FSU;UNF;USF;UWF
MVB4341,PRINCIPAL APPLIED TRUMPET,9,yes,queued,EWU;FAMU;FAU;FIU;FLAC;FSU;UNF;USF;UWF
MVB4342,PRINCIPAL APPLIED FRENCH HORN,9,yes,queued,EWU;FAMU;FAU;FIU;FLAC;FSU;UNF;USF;UWF
MVB4343,PRINCIPAL APPLIED TROMBONE,9,yes,queued,EWU;FAMU;FAU;FIU;FLAC;FSU;UNF;USF;UWF
MVB4345,PRINCIPAL APPLIED TUBA,9,yes,queued,EWU;FAMU;FAU;FIU;FLAC;FSU;UNF;USF;UWF
MVP3331,PRINCIPAL APPLIED PERCUSSION,9,yes,queued,EWU;FAMU;FAU;FIU;FLAC;FSU;UNF;USF;UWF
MVS4346,PRINCIPAL APPLIED GUITAR,9,yes,queued,EWU;FAMU;FAU;FIU;FLAC;FSU;UCF;UNF;UWF
MVV2421,VOICE,9,yes,queued,FAU;FIU;FSU;PHSC;SSCF;UCF;UF;USF;UWF
MVW2421,FLUTE,9,yes,queued,FAU;FIU;FSU;PHSC;SPC;UCF;UF;USF;UWF
MVW3331,PRINCIPAL APPLIED FLUTE,9,yes,queued,EWU;FAMU;FAU;FIU;FLAC;FSU;UNF;USF;UWF
MVW3332,PRINCIPAL APPLIED OBOE,9,yes,queued,EWU;FAMU;FAU;FIU;FLAC;FSU;UNF;USF;UWF
MVW4341,PRINCIPAL APPLIED FLUTE,9,yes,queued,EWU;FAMU;FAU;FIU;FLAC;FSU;UNF;USF;UWF
MVW4342,PRINCIPAL APPLIED OBOE,9,yes,queued,EWU;FAMU;FAU;FIU;FLAC;FSU;UNF;USF;UWF
PEL1341,BEGINNING TENNIS,9,yes,queued,EWU;FAMU;FSU;HC;MDC;PHSC;SCFMS;USF;UWF
PHY4604,QUANTUM THEORY I,9,yes,queued,FAMU;FAU;FGCU;FIU;FSU;UCF;UF;USF;UWF
POS4905,INDEPENDENT STUDY,9,no,,FAMU;FAU;FGCU;FIU;FSU;UF;UNF;USF;UWF
PSY4930,SPECIAL TOPICS,9,no,,EWU;FAU;FGCU;FIU;FLAC;FSU;STU;UF;UWF
SOW4522,FIELD SEMINAR I,9,yes,queued,EWU;FAMU;FGCU;FIU;FSU;UCF;UNF;USF;UWF
STA4321,INTRODUCTION TO MATHEMATICAL STATISTICS I,9,yes,queued,EWU;FAMU;FIU;FSU;UCF;UF;UNF;USF;UWF
THE2300,SURVEY OF DRAMATIC LITERATURE,9,yes,queued,FAMU;FGC;FGCU;IRSC;NCF;PESC;SCFMS;SFC;UWF
TPA2000C,INTRODUCTION TO THEATRICAL DESIGN,9,yes,queued,BC;CC;FAU;FSU;SJRSC;SSCF;UCF;UWF;VC
TPA2248C,STAGE MAKEUP,9,yes,queued,BC;FAU;FGCU;FIU;FSU;SCFMS;UCF;USF;UWF
ZOO4513C,ANIMAL BEHAVIOR,9,yes,queued,FAMU;FGCU;FIU;FSU;SPC;UCF;UNF;USF;UWF
ACG3401,ACCOUNTING INFORMATION SYSTEMS,8,yes,queued,CF;EFSC;FGCU;IRSC;STU;UF;USF;UWF
ATT1100C,PRIVATE PILOT GROUND SCHOOL,8,yes,queued,BC;GCSC;MDC;NWFSC;PHSC;PSC;TSC;UWF
BOT2010C,GENERAL BOTANY,8,yes,queued,BC;FGC;PESC;SFC;UF;UNF;UWF;VC
CCJ3024,THE CRIMINAL JUSTICE SYSTEM,8,yes,queued,FAU;FSU;PSC;SSCF;UCF;UF;USF;UWF
CCJ4644,WHITE COLLAR CRIME,8,yes,queued,DORAL;FAU;FIU;FNU;KU;SJRSC;UCF;UWF
CCJ4905,DIRECTED INDIVIDUAL STUDY,8,no,,FAMU;FAU;FNU;FSU;STU;UF;UNF;UWF
CHM4130L,INSTRUMENTAL ANALYSIS LAB,8,yes,queued,FAMU;FGCU;FIU;FSU;UCF;UF;UNF;UWF
CHM4930,SENIOR SEMINAR,8,no,,FAMU;FAU;FGCU;FIU;UCF;UF;UNF;UWF
EML4905,INDEPENDENT STUDY,8,no,,FAMU;FAU;FIU;FSU;UF;UNF;USF;UWF
MAD4401,NUMERICAL ANALYSIS,8,yes,queued,EWU;FAU;FGCU;STU;UF;UNF;USF;UWF
MUE4940,MUSIC EDUCATION INTERNSHIP,8,no,,FAU;FIU;FLAC;FSU;UF;UNF;USF;UWF
MUH3211,MUSIC HISTORY I,8,yes,queued,EWU;FAMU;FGCU;FIU;FLAC;UF;UNF;UWF
MUN3713,JAZZ ENSEMBLE,8,yes,queued,FAMU;FIU;FLAC;UCF;UF;UNF;USF;UWF
MVB4344,PRINCIPAL APPLIED BARITONE HORN,8,yes,queued,EWU;FAMU;FAU;FIU;FLAC;FSU;UNF;UWF
MVP4341,PRINCIPAL APPLIED PERCUSSION,8,yes,queued,FAMU;FAU;FIU;FLAC;FSU;UNF;USF;UWF
MVS3334,PRINCIPAL APPLIED DOUBLE BASS,8,yes,queued,FAMU;FAU;FIU;FLAC;FSU;UNF;USF;UWF
MVS3336,PRINCIPAL APPLIED GUITAR,8,yes,queued,EWU;FAMU;FAU;FIU;FLAC;FSU;UNF;UWF
MVS4344,PRINCIPAL APPLIED DOUBLE BASS,8,yes,queued,FAMU;FAU;FIU;FLAC;FSU;UNF;USF;UWF
MVW3333,PRINCIPAL APPLIED CLARINET,8,yes,queued,FAMU;FAU;FIU;FLAC;FSU;UNF;USF;UWF
MVW3334,PRINCIPAL APPLIED BASSOON,8,yes,queued,FAMU;FAU;FIU;FLAC;FSU;UNF;USF;UWF
MVW3335,PRINCIPAL APPLIED SAXOPHONE,8,yes,queued,FAMU;FAU;FIU;FLAC;FSU;UNF;USF;UWF
MVW4344,PRINCIPAL APPLIED BASSOON,8,yes,queued,FAMU;FAU;FIU;FLAC;FSU;UNF;USF;UWF
NGR6172,ADVANCED PHARMACOLOGY,8,no,,FAU;FGCU;FIU;FNU;UCF;UF;USF;UWF
NGR6718,EVALUATION IN NURSING EDUCATION,8,no,,FAU;FGCU;FIU;FNU;UCF;UNF;USF;UWF
PHI3640,ENVIRONMENTAL ETHICS,8,yes,queued,FAU;FIU;STU;UCF;UF;UNF;USF;UWF
PHI3700,PHILOSOPHY OF RELIGION,8,yes,queued,FAMU;FIU;FSU;UCF;UF;UNF;USF;UWF
PHI4905,DIRECTED STUDY,8,no,,FAMU;FAU;FGCU;FSU;UF;UNF;USF;UWF
PHY4605,QUANTUM MECHANICS II,8,yes,queued,FAMU;FAU;FIU;FSU;UCF;UF;USF;UWF
PHY4910C,UNDERGRADUATE RESEARCH,8,no,,FAU;FGCU;FLPOLY;FSU;STU;UNF;USF;UWF
PPE4003,THEORIES OF PERSONALITY,8,yes,queued,EWU;FAU;FGCU;FLAC;STU;UNF;USF;UWF
PSY6971,THESIS,8,no,,FAMU;FAU;FIU;UCF;UF;UNF;USF;UWF
SPM3306,SPORT MARKETING,8,yes,queued,EFSC;EWU;FNU;KU;TCJ;UF;UNF;UWF
SPM4505,SPORT FINANCE,8,yes,queued,EFSC;EWU;FIU;FNU;FSU;KU;UNF;UWF
STA4222,SAMPLE SURVEY DESIGN,8,yes,queued,EWU;FAU;FSU;UCF;UF;UNF;USF;UWF
TSL4080,ESOL CURRICULUM & PEDAGOGY,8,yes,queued,EWU;FAU;FSU;FSWSC;LSSC;UCF;USF;UWF
ACG4682,FRAUD EXAMINATION,7,yes,queued,CFK;EWU;FAMU;KU;RU;TSC;UWF
ACG4941,ACCOUNTING INTERNSHIP,7,no,,FAMU;FSU;SFC;UCF;UF;UNF;UWF
ANT4905,DIRECTED STUDY,7,no,,FAMU;FAU;FIU;UF;UNF;USF;UWF
ARH4450,MODERN ART,7,yes,queued,FAU;FIU;FSU;UCF;UF;USF;UWF
ARH4710,HISTORY OF PHOTOGRAPHY,7,yes,queued,FAU;FGCU;FIU;FSU;UF;USF;UWF
ARH4905,DIRECTED INDIVIDUAL STUDY,7,no,,FAU;FGCU;FIU;FSU;UF;UNF;UWF
ART4905C,DIRECTED INDIVIDUAL STUDY,7,no,,FAMU;FAU;FSU;UF;UNF;USF;UWF
ART4940C,INTERNSHIP,7,no,,FAU;FGCU;FIU;UF;UNF;USF;UWF
ASC1210,AVIATION WEATHER,7,yes,queued,BC;FSCJ;MDC;PHSC;PSC;TSC;UWF
ASC1610C,AIRCRAFT SYSTEMS AND COMPONENTS,7,yes,queued,BC;FSCJ;MDC;NWFSC;PHSC;PSC;UWF
BOT4503C,PLANT PHYSIOLOGY,7,yes,queued,FAU;FGCU;FIU;FSU;UCF;UNF;UWF
CEG3011C,SOIL MECHANICS,7,yes,queued,FAMU;FAU;FGCU;FLPOLY;FSU;UNF;UWF
CHM4905C,INDEPENDENT STUDY,7,no,,FAMU;FAU;FGCU;FSU;UF;USF;UWF
CIS4361,APPLIED SECURITY,7,yes,queued,FAMU;FSU;PHSC;SSCF;UCF;USF;UWF
CJE4610,CRIMINAL INVESTIGATION,7,yes,queued,FAU;FSU;PESC;PSC;UCF;USF;UWF
CNT4403,DATA SECURITY,7,yes,queued,FAU;FGCU;FIU;FLPOLY;UCF;USF;UWF
COP2334C,BEGINNING C++ PROGRAMMING,7,yes,queued,EFSC;FGC;FSCJ;FULLSAIL;NFC;PBSC;UWF
ECO4401,MATHEMATICAL ECONOMICS,7,yes,queued,FAMU;FAU;FIU;FSU;UF;USF;UWF
ECO4704,INTERNATIONAL TRADE,7,yes,queued,FAMU;FAU;FIU;FSU;JMVU;USF;UWF
EEL4930,SPECIAL TOPICS IN ELECTRICAL ENGINEERING,7,no,,FAU;FIU;FLPOLY;FSU;UF;UNF;UWF
EEX3070,TEACHING EXCEPTIONAL STUDENTS,7,yes,queued,DORAL;FIU;NWFSC;SFSC;UF;UNF;UWF
EEX4905,DIRECTED STUDY,7,no,,FAU;FGCU;FIU;FSU;UF;UNF;UWF
ENL4251,VICTORIAN LITERATURE,7,yes,queued,FAMU;FAU;FIU;FLAC;FSU;UNF;UWF
FIN4414,FINANCIAL MANAGEMENT,7,yes,queued,EFSC;FAMU;SPC;UF;UNF;USF;UWF
FIN4424,PROBLEMS IN FINANCIAL MANAGEMENT,7,yes,queued,FAMU;FAU;FNU;FSU;KU;UCF;UWF
FIN4514,SECURITY ANALYSIS AND PORTFOLIO MANAGEMENT,7,yes,queued,FAMU;FGCU;FSU;UCF;UNF;USF;UWF
FIN4941,FINANCE INTERNSHIP,7,no,,FAMU;FGCU;FIU;FSU;UCF;UNF;UWF
FIN6406,FINANCIAL MANAGEMENT,7,no,,FAU;FGCU;FIU;UCF;UNF;USF;UWF
HSA6342,HEALTHCARE HUMAN RESOURCES,7,no,,FAMU;FGCU;FNU;UCF;UF;UNF;UWF
HSA6385,QUALITY MANAGEMENT IN HEALTH CARE,7,no,,FAMU;FAU;FGCU;UCF;UF;UNF;UWF
LAE3314,CHILDREN'S LITERATURE,7,yes,queued,CC;FAMU;FLAC;FSWSC;KU;SFSC;UWF
LIT2030,INTRODUCTION TO POETRY,7,yes,queued,BC;FAU;FSU;NCF;SCFMS;USF;UWF
MAA4211,ADVANCED CALCULUS I,7,yes,queued,EWU;FAMU;FIU;UF;UNF;USF;UWF
MAS5145,LINEAR ALGEBRA,7,no,,FAMU;FAU;FGCU;FIU;UCF;USF;UWF
MUG3104,BASIC CONDUCTING,7,yes,queued,FGCU;FLAC;FSU;UCF;UNF;USF;UWF
MUT3611,FORM AND ANALYSIS,7,yes,queued,EWU;FAMU;FGCU;FIU;UF;UNF;UWF
MVS3331,PRINCIPAL APPLIED VIOLIN,7,yes,queued,FAMU;FAU;FIU;FLAC;FSU;USF;UWF
MVS3332,PRINCIPAL APPLIED VIOLA,7,yes,queued,FAMU;FAU;FIU;FLAC;FSU;USF;UWF
MVS3333,APP MUS PRIN CELLO,7,yes,queued,FAMU;FAU;FIU;FLAC;FSU;USF;UWF
MVS4342,PRINCIPAL APPLIED VIOLA,7,yes,queued,FAMU;FAU;FIU;FLAC;FSU;USF;UWF
MVV3431,VOICE,7,yes,queued,FAU;FIU;FSU;UCF;UF;USF;UWF
MVV4441,VOICE,7,yes,queued,FAU;FIU;FSU;UCF;UF;USF;UWF
MVW4343,PRINCIPAL APPLIED CLARINET,7,yes,queued,FAMU;FAU;FIU;FLAC;FSU;UNF;UWF
MVW4345,PRINCIPAL APPLIED SAXOPHONE,7,yes,queued,FAMU;FAU;FIU;FLAC;FSU;UNF;UWF
NGR6002C,ADVANCED HEALTH ASSESSMENT,7,no,,FAU;FGCU;FIU;FSU;UF;USF;UWF
PAD6417,HUMAN RESOURCE MANAGEMENT,7,no,,FAU;FGCU;FIU;UCF;UNF;USF;UWF
PHH3100,ANCIENT PHILOSOPHY,7,yes,queued,FAMU;FAU;FIU;UCF;UF;UNF;UWF
PHI2103,CRITICAL THINKING,7,yes,queued,FGCU;FIU;FSWSC;JMVU;RU;SPC;UWF
PHP3786,EXISTENTIALISM,7,yes,queued,FGCU;FSU;UCF;UF;UNF;USF;UWF
PHY4905,DIRECTED INDEPENDENT STUDY,7,no,,FAU;FGCU;FIU;FSU;UF;UNF;UWF
POS3413,THE AMERICAN PRESIDENCY,7,yes,queued,FAMU;FIU;KU;STU;UCF;UNF;UWF
POS4941,POLITICAL SCIENCE INTERNSHIP,7,no,,FAU;FGCU;FIU;FSU;UCF;USF;UWF
POS6971,THESIS,7,no,,FAMU;FAU;FIU;UCF;UF;USF;UWF
PSY4302C,PSYCHOLOGICAL TESTING,7,yes,queued,FAMU;FAU;FIU;FSU;KU;UNF;UWF
PUR4800C,PUBLIC RELATIONS CAMPAIGNS,7,yes,queued,FAMU;FGCU;FIU;FSU;UF;UNF;UWF
SPC3301,INTERPERSONAL COMMUNICATION,7,yes,queued,FGCU;FIU;FLAC;FSU;UCF;USF;UWF
SPM4723,SPORT LAW,7,yes,queued,EWU;FSU;LSSC;UCF;UF;UNF;UWF
SPN4905,DIRECTED STUDY,7,no,,FAMU;FAU;FIU;FSU;UF;UNF;UWF
SYA4905,DIRECTED INDIVIDUAL STUDY,7,no,,FAMU;FAU;FIU;FSU;UF;UNF;UWF
THE4905,DIRECTED STUDY,7,no,,FAMU;FAU;FGCU;FSU;UF;USF;UWF
ACG3111,FINANCIAL ACCOUNTING & REPORTING II,6,yes,queued,CC;FAMU;FSU;SFC;STU;UWF
ACG6905,DIRECTED STUDY,6,no,,FAU;FGCU;UF;UNF;USF;UWF
AFR4211,U.S. DEFENSE POLICY & STRATEG. FORMULAT.,6,yes,queued,FAU;FSU;SFC;UF;USF;UWF
APK3110C,EXERCISE PHYSIOLOGY,6,yes,queued,FIU;FSU;STU;UF;USF;UWF
APK4125C,EXERCISE PRESCRIPTION,6,yes,queued,FIU;FLAC;UCF;UF;UNF;UWF
ART3930C,SPECIAL TOPICS,6,no,,FIU;FSU;UCF;UF;UNF;UWF
BSC4940,BIOLOGY INTERNSHIP,6,no,,FGCU;MDC;SPC;UNF;USF;UWF
BSC4941,INTERNSHIP IN BIOTECHNOLOGY,6,no,,FGCU;FSU;SFC;UCF;UNF;UWF
BSC6971,MASTERS THESIS,6,no,,FAU;FIU;UCF;UNF;USF;UWF
CEN5079,SECURE SOFTWARE DEVELOPMENT,6,no,,EWU;FAMU;FGCU;FIU;FLPOLY;UWF
CES3100C,STRUCTURAL ANALYSIS,6,yes,queued,FAMU;FGCU;FIU;FSU;UNF;UWF
CGN4930,SPECIAL TOPICS,6,no,,FAMU;FAU;FGCU;FIU;FSU;UWF
CHM3400C,BASIC PHYSICAL CHEMISTRY,6,yes,queued,FAU;FIU;FSU;STU;UF;UWF
CIS4940C,IIT SENIOR PROJECT,6,no,,FAMU;STU;UCF;UF;USF;UWF
CJE3444,CRIME PREVENTION,6,yes,queued,DORAL;FIU;MDC;UCF;USF;UWF
DEP3103,CHILD PSYCHOLOGY,6,yes,queued,EWU;FNU;FSU;KU;STU;UWF
DEP4305,ADOLESCENT PSYCHOLOGY,6,yes,queued,FAU;FGCU;KU;STU;UF;UWF
DEP4404,PSYCHOLOGY OF ADULT DEVELOPMENT AND AGING,6,yes,queued,EWU;FGCU;FSU;KU;STU;UWF
ECO4905,DIRECTED INDIVIDUAL STUDY,6,no,,FAMU;FAU;FSU;UF;UNF;UWF
ECO4941,ECONOMICS INTERNSHIP,6,no,,FGCU;FSU;UCF;UF;UNF;UWF
ECP3530,ECONOMICS OF HEALTH,6,yes,queued,EFSC;FIU;UF;UNF;USF;UWF
EDA7905,DIRECTED INDEPENDENT STUDY,6,no,,FAMU;FAU;FIU;UCF;UNF;UWF
EDG4905,DIRECTED STUDY,6,no,,FAMU;FAU;FGCU;UF;UNF;UWF
EDG6285,EVALUATION OF SCHOOL PROGRAMS,6,no,,FAU;UCF;UF;UNF;USF;UWF
EDH6045,STUDENT AFFAIRS LEADERSHIP,6,no,,FAU;FGCU;FIU;UCF;UNF;UWF
EEL4905,INDEPENDENT STUDY,6,no,,FAU;FSU;UF;UNF;USF;UWF
EEL4949,COOPERATIVE EDUCATION,6,no,,FAU;FIU;UCF;UF;UNF;UWF
EML4804C,MECHATRONICS II,6,yes,queued,FAMU;FAU;FIU;FSU;UCF;UWF
ENC3213,WRITING FOR MANAGERS,6,yes,queued,EU;FAU;FIU;KU;SSCF;UWF
ENG4905,DIRECTED INDIVIDUAL STUDY,6,no,,FAMU;FAU;FLAC;FSU;UF;UWF
ENG6971,THESIS,6,no,,FAU;FGCU;UCF;UF;USF;UWF
ENL4240,BRITISH ROMANTIC LITERATURE,6,yes,queued,FAMU;FLAC;FSU;UCF;UNF;UWF
ENL4341,MILTON,6,yes,queued,FAU;FIU;FSU;UCF;USF;UWF
ENT4940,ENTREPRENEURSHIP PRACTICUM,6,no,,FAU;FGCU;KU;UF;USF;UWF
ENV3001C,ENVIRONMENTAL ENGINEERING,6,yes,queued,FAU;FIU;UCF;UF;UNF;UWF
ESC2000,INTRODUCTION TO EARTH SCIENCE,6,yes,queued,FAMU;FAU;GCSC;UNF;USF;UWF
EXP4404,PSYCHOLOGY OF LEARNING,6,yes,queued,FAU;FGCU;FSU;UF;USF;UWF
FIN3124,FINANCIAL PLANNING,6,yes,queued,FSU;UCF;UF;UNF;USF;UWF
FIN4132,ESTATE PLANNING,6,yes,queued,FGCU;FSU;UF;UNF;USF;UWF
FIN4560,EQUITY FUND MANAGEMENT,6,yes,queued,FAU;FGCU;UCF;UNF;USF;UWF
FIN4905,DIRECTED STUDY,6,no,,FAMU;FAU;FSU;UF;USF;UWF
GEO4905,DIRECTED STUDY,6,no,,FAU;FIU;FSU;UF;UNF;UWF
GLY2010L,PHYSICAL GEOLOGY LABORATORY,6,yes,queued,HC;SFC;SPC;SSCF;TSC;UWF
GRA2111C,GRAPHIC DESIGN I,6,yes,queued,FIU;HC;SFC;SPC;UF;UWF
HFT4295,RESORT & HOSP STRATEGIC MGMT,6,yes,queued,FGCU;FIU;KU;UCF;USF;UWF
JOU3101C,REPORTING I,6,yes,queued,FAMU;FAU;UCF;UF;USF;UWF
JOU4181,PUBLIC AFFAIRS REPORTING,6,yes,queued,FAMU;FAU;UCF;UF;USF;UWF
JPN1120C,JAPANESE I,6,yes,queued,FAU;FSU;MDC;UCF;USF;UWF
JPN1121C,JAPANESE II,6,yes,queued,FAU;FSU;MDC;UCF;USF;UWF
MAE4320,TEACHING MATHEMATICS IN MIDDLE SCHOOL,6,yes,queued,BC;FIU;FSU;UNF;USF;UWF
MUE3311,PUBLIC SCHOOL MUSIC,6,yes,queued,FAMU;FGCU;FLAC;FSU;UF;UWF
MUG2101,CONDUCTING I,6,yes,queued,FSWSC;HSBC;MDC;SPC;TCF;UWF
MUN3443,PERCUSSION ENSEMBLE,6,yes,queued,FAMU;UCF;UF;UNF;USF;UWF
MUT4311,ORCHESTRATION,6,yes,queued,FAU;FIU;FSU;UCF;UNF;UWF
MVS4341,PRINCIPAL APPLIED VIOLIN,6,yes,queued,FAMU;FAU;FIU;FLAC;FSU;UWF
MVS4343,APP MUS PRIN CELLO,6,yes,queued,FAMU;FAU;FIU;FLAC;FSU;UWF
NGR6710,TEACH & ASSESS STRAT NSG ED,6,no,,FGCU;FNU;UF;UNF;USF;UWF
NUR4905,DIRECTED INDEPENDENT STUDY,6,no,,FAU;FGCU;FSU;UF;UNF;UWF
PAD6946,INTERNSHIP IN PUBLIC ADMINISTRATION,6,no,,FIU;UCF;UF;UNF;USF;UWF
PHC6000,EPIDEMIOLOGY,6,no,,FAMU;FIU;UCF;UF;UNF;UWF
PHC6945,PUBLIC HEALTH PRACTICUM,6,no,,FAMU;FIU;UF;UNF;USF;UWF
PHI3320,PHILOSOPHY OF MIND,6,yes,queued,FAU;FIU;FSU;UCF;UNF;UWF
PHI3670,ETHICAL THEORY,6,yes,queued,FAU;FGCU;FSU;UCF;UNF;UWF
PHY3424C,OPTICS,6,yes,queued,FAMU;FIU;FSU;STU;UNF;UWF
POS3424,LEGISLATIVE PROCESS,6,yes,queued,FGCU;FIU;STU;UCF;UNF;UWF
POT4204,AMERICAN POLITICAL THOUGHT,6,yes,queued,FAMU;FAU;FGCU;UF;USF;UWF
PSY2023,CAREERS IN PSYCHOLOGY,6,yes,queued,EFSC;FGCU;FSU;KU;STU;UWF
PUR3100,WRITING FOR PUBLIC RELATIONS,6,yes,queued,FGCU;FSU;STU;UCF;UNF;UWF
PUR4400C,CRISIS COMMUNICATIONS,6,yes,queued,FSU;KU;UCF;UF;UNF;UWF
REE4905,DIRECTED STUDY,6,no,,FAU;FGCU;FIU;FSU;UF;UWF
SOW3203,INTRODUCTION TO SOCIAL WORK,6,yes,queued,FAMU;FIU;FSU;UNF;USF;UWF
SOW3350,INTERVIEWING AND DOCUMENTATION,6,yes,queued,EWU;FAMU;FIU;FNU;FSU;UWF
SOW4510C,INTEGRATIVE SEMINAR AND FIELD PLACEMENT,6,yes,queued,FAMU;FAU;FSU;UCF;USF;UWF
SOW4905,DIRECTED INDIVIDUAL STUDY,6,no,,FAMU;FAU;FIU;FSU;UNF;UWF
SOW5404,SOCIAL WORK RESEARCH,6,no,,FAMU;FIU;FSU;UCF;UNF;UWF
STA6971,THESIS,6,no,,FIU;UCF;UF;UNF;USF;UWF
ZOO4454C,ICHTHYOLOGY,6,yes,queued,FGCU;FIU;FSU;UNF;USF;UWF
ADV2000C,ADVERTISING,5,yes,queued,EFSC;IRSC;RU;UIC;UWF
AMH4575,THE CIVIL RIGHTS MOVEMENT,5,yes,queued,FAMU;FAU;UCF;UF;UWF
AMS2010,CIVIL DISCOURSE AND THE AMERICAN POLITICAL ORDER,5,yes,queued,FSU;LSSC;NCF;UF;UWF
ANG6971,MASTER'S THESIS,5,no,,FAU;UCF;UF;USF;UWF
APK6111C,ADVANCED EXERCISE PHYSIOLOGY,5,no,,FAU;UCF;UNF;USF;UWF
ARH4930,SPECIAL TOPICS,5,no,,FAU;FGCU;UF;USF;UWF
ATR5217C,PHYSICAL EXAMINATION I,5,no,,FIU;UCF;UNF;USF;UWF
BCH3033,BIOCHEMISTRY I,5,yes,queued,BC;FAU;FIU;STU;UWF
BCH3033L,BIOCHEMISTRY I LAB,5,yes,queued,FAU;FIU;FNU;STU;UWF
BCH3034,BIOCHEMISTRY II,5,yes,queued,FAU;FIU;FNU;STU;UWF
BCN3762,CODES AND STANDARDS,5,yes,queued,EU;FIU;KU;UNF;UWF
BCN4720C,SCHEDULING,5,yes,queued,EU;FGCU;UF;UNF;UWF
BUL4905,DIRECTED STUDY,5,no,,FAMU;FAU;UF;UNF;UWF
CAI4203,DEEP LEARNING,5,yes,queued,FGCU;FIU;FLPOLY;USF;UWF
CCJ3014,CRIMINOLOGY,5,yes,queued,DORAL;FAU;UCF;UNF;UWF
CCJ6705,RESEARCH METHODS IN CRIMINOLOGY,5,no,,FIU;UF;UNF;USF;UWF
CEN4721,HUMAN COMPUTER INTERACTION,5,yes,queued,FAMU;FGCU;FLPOLY;UF;UWF
CHM3410,PHYSICAL CHEMISTRY I,5,yes,queued,FAU;FGCU;FIU;UCF;UWF
CHM3411,PHYSICAL CHEMISTRY II,5,yes,queued,FAU;FGCU;FIU;UCF;UWF
CHM4455,POLYMER CHEMISTRY,5,yes,queued,FAMU;FSU;UCF;USF;UWF
CIS3949,COOPERATIVE EDUCATION,5,no,,FAMU;FIU;UCF;UNF;UWF
CLP4302,INTRODUCTION TO CLINICAL PSYCHOLOGY,5,yes,queued,FAMU;FGCU;UF;USF;UWF
CLP4390,FORENSIC PSYCHOLOGY,5,yes,queued,EWU;FAU;KU;UCF;UWF
COM3465,CONFLICT RESOLUTION,5,yes,queued,EWU;FGCU;KU;UF;UWF
COP3813C,INTERNET PROGRAMMING,5,yes,queued,EFSC;FAU;FSCJ;UNF;UWF
COP4710,DATABASE SYSTEMS,5,yes,queued,FIU;FSU;UCF;USF;UWF
COP5725,DATABASE SYSTEMS,5,no,,FAMU;FIU;FSU;UF;UWF
CPO6206,SEMINAR IN AFRICAN POLITICS,5,no,,FIU;UCF;UF;UNF;UWF
CRW3110,FICTION WRITING,5,yes,queued,FAMU;FSU;UF;UNF;UWF
EAB6780,ETHICS FOR BEHAVIOR ANALYSTS,5,no,,FAMU;FIU;FNU;UF;UWF
ECP6705,ADVANCED MANAGERIAL ECONOMICS,5,no,,FAU;FGCU;FIU;UNF;UWF
EDA6423,DATA ANALYSIS FOR SCHOOL IMPROVEMENT,5,no,,FIU;UCF;UF;UNF;UWF
EDE4905,DIRECTED INDIVIDUAL STUDY,5,no,,FAMU;FSU;UF;USF;UWF
EDG4942,FIELD STUDIES II,5,no,,FGCU;LSSC;PSC;UCF;UWF
EDH6505,FINANCE IN HIGHER EDUCATION,5,no,,FGCU;FSU;UCF;UNF;UWF
EEL6905,DIRECTED STUDY,5,no,,FAMU;FAU;FIU;UF;UWF
EEX6222,ADVPSYCHOED ASSESS-EXCEP STUD,5,no,,FGCU;UCF;UF;USF;UWF
EME3410,INTEGRATING TECHNOLOGY IN THE CLASSROOM,5,yes,queued,BC;CFK;IRSC;NWFSC;UWF
ENC3416,DIGITAL WRITING,5,yes,queued,FIU;FLAC;FSU;USF;UWF
ENL4333,SHAKESPEARE,5,yes,queued,FAU;FSU;UCF;UF;UWF
EUH3411,ANCIENT ROME,5,yes,queued,FIU;FLAC;UCF;UNF;UWF
EUH3576,SOVIET UNION SINCE 1917,5,yes,queued,FAU;FIU;UF;USF;UWF
EVR4905,DIRECTED STUDY,5,no,,FAU;FGCU;FIU;USF;UWF
EXP4204C,PERCEPTION,5,yes,queued,FAU;FIU;FLAC;USF;UWF
FIN4128,FINANCIAL PLAN DEVELOPMENT,5,yes,queued,FGCU;UF;UNF;USF;UWF
FRE4905,DIRECTED STUDY,5,no,,FSU;UF;UNF;USF;UWF
GIS4043C,GEOGRAPHIC INFORMATION SYSTEMS,5,yes,queued,FAMU;FAU;FSU;USF;UWF
GLY4905,DIRECTED STUDY,5,no,,FAU;FSU;UF;USF;UWF
GRA2208C,TYPOGRAPHY,5,yes,queued,FAU;SFC;UF;UNF;UWF
GRA3102C,VISUAL COMMUNICATION,5,yes,queued,FAMU;IRSC;SJRSC;UCF;UWF
GRA4930C,SPECIAL TOPICS IN GRAPHIC DESIGN,5,no,,IRSC;UF;UNF;USF;UWF
HIS3930,SPECIAL TOPICS,5,no,,FGCU;FLPOLY;UCF;USF;UWF
HIS6905,DIRECTED STUDY,5,no,,FGCU;UCF;UF;UNF;UWF
HSA4430,HEALTH ECONOMICS,5,yes,queued,FGCU;PHSC;SJRSC;UF;UWF
HSA6175,HEALTHCARE FINANCE,5,no,,FAMU;FAU;FIU;UCF;UWF
IDS4890,SENIOR CAPSTONE,5,yes,queued,FIU;FLAC;FLPOLY;UNF;UWF
INR4102,AMERICAN FOREIGN POLICY,5,yes,queued,FAMU;FSU;UCF;UNF;UWF
ISM6136,DATA MINING,5,no,,FAU;FGCU;FIU;USF;UWF
ISM6405,BUSINESS INTELLIGENCE,5,no,,FAU;FIU;FSU;UF;UWF
JPN4905,DIRECTED STUDY,5,no,,FAU;FSU;UF;USF;UWF
MAN6721,BUSINESS POLICY,5,no,,EWU;FAU;UCF;UF;UWF
MAN6905,DIRECTED STUDY,5,no,,FAU;UF;UNF;USF;UWF
MAP5345,PARTIAL DIFFERENTIAL EQUATIONS,5,no,,FAMU;FSU;UF;USF;UWF
MAT6971,THESIS,5,no,,FAU;UF;UNF;USF;UWF
MHF3202,SETS & LOGIC,5,yes,queued,FAU;IRSC;UF;UNF;UWF
MUE4481C,JAZZ ENSEMBLE TECHNIQUES,5,yes,queued,FAU;FGCU;FIU;FSU;UWF
MUL4400,PIANO LITERATURE,5,yes,queued,FAU;FIU;UF;UNF;UWF
MUN3133,SYMPHONIC BAND,5,yes,queued,FAMU;FGCU;UCF;UF;UWF
MUN3323,CHORALE,5,yes,queued,FGCU;UCF;UF;UNF;UWF
MUN4714,CHAMBER JAZZ,5,yes,queued,FAU;FIU;FLAC;UNF;UWF
MVS3970,JUNIOR RECITAL,5,no,,FIU;FSU;UCF;UF;UWF
MVS4971,SENIOR RECITAL,5,no,,FIU;FLAC;FSU;UF;UWF
MVV3970,JUNIOR RECITAL,5,no,,FSU;UCF;UF;UNF;UWF
MVV4640,VOCAL PEDAGOGY,5,yes,queued,FAU;UCF;UF;UNF;UWF
MVV4971,SENIOR RECITAL,5,no,,FLAC;FSU;UF;UNF;UWF
NGR6201C,ADULT I PRIMARY CARE,5,no,,FAMU;FIU;FSU;UCF;UWF
NGR6301C,ADVANCED CHILD HEALTH NURSING I,5,no,,FAU;FIU;UF;USF;UWF
NGR6638,HEALTH PROMOTION,5,no,,FGCU;FNU;UF;USF;UWF
NGR6905,DIRECTED INDEPENDENT STUDY,5,no,,FAU;FGCU;UF;USF;UWF
PAD4905,DIRECTED STUDY,5,no,,FAU;FGCU;FIU;FSU;UWF
PAD6335,STRATEGIC PLANNING,5,no,,FGCU;UCF;UNF;USF;UWF
PCB5235,IMMUNOLOGY,5,no,,FAMU;UCF;UF;UNF;UWF
PET4905,DIRECTED INDEPENDENT STUDY,5,no,,FAMU;FAU;UNF;USF;UWF
PHC6003,CHRONIC DISEASE EPIDEMIOLOGY,5,no,,FAMU;FIU;UF;UNF;UWF
PHC6251,DISEASE SURVEILLANCE AND MONITORING,5,no,,FAMU;FIU;UF;USF;UWF
PHH3400,MODERN PHILOSOPHY,5,yes,queued,FAU;FSU;UF;UNF;UWF
PHI3130,LOGIC,5,yes,queued,FGCU;FSU;UF;USF;UWF
PHI3500,METAPHYSICS,5,yes,queued,FAMU;FIU;UF;UNF;UWF
PHI3800,AESTHETICS,5,yes,queued,FIU;FSU;UCF;UNF;UWF
PHY3722C,ELECTRONICS,5,yes,queued,FAU;FIU;UCF;UNF;UWF
PHY3802L,INTERMEDIATE PHYSICS LAB,5,yes,queued,FAU;FIU;FSU;UCF;UWF
POS6045,SEMINAR IN AMERICAN POLITICS,5,no,,FAU;UCF;UF;USF;UWF
PUR4801,PUBLIC RELATIONS CASES,5,yes,queued,FAMU;UCF;UNF;USF;UWF
REL4905,DIRECTED INDIVIDUAL STUDY,5,no,,FAMU;FLAC;FSU;UF;UWF
SPC4540,PERSUASION,5,yes,queued,FAU;FLAC;FSU;UCF;UWF
SPM3004,PRINCIPLES OF SPORTS MGT,5,yes,queued,EFSC;FGCU;FLAC;FNU;UWF
SPN3400,ADVANCED STYLISTICS,5,yes,queued,BU;FAU;FGCU;FSU;UWF
SYO4250,SOCIOLOGY OF EDUCATION,5,yes,queued,FAMU;FSU;UCF;USF;UWF
TAX6065,TAX RESEARCH,5,no,,FAU;FIU;UCF;USF;UWF
TPA2232C,BEGINNING COSTUME,5,yes,queued,CF;NWFSC;UCF;UF;UWF
TPA3230C,COSTUME DESIGN,5,yes,queued,FAMU;FGCU;FIU;FSU;UWF
TRA4202,LOGISTICS SYSTEMS MANAGEMENT,5,yes,queued,CF;FSCJ;KU;UNF;UWF
TSL5142,CURRICULUM DEVELOPMENT IN TESOL,5,no,,FGCU;FIU;FSU;UF;UWF
TSL5525,ESOL CULTURAL DIVERSITY,5,no,,FGCU;FSU;UCF;USF;UWF
TTE4804,HIGHWAY GEOMETRIC DESIGN,5,yes,queued,FAMU;FIU;FLPOLY;FSU;UWF
ACG3343,COST ACCOUNTING,4,yes,queued,AU;MAU;MDC;UWF
ACG6405,ADV ACCT INFORMATION SYSTEMS,4,no,,FGCU;FIU;UNF;UWF
ADV3300,MEDIA PLANNING,4,yes,queued,FGCU;UNF;USF;UWF
AFR1101L,HERITAGE AND VALUES I LAB,4,yes,queued,PESC;SFC;UF;UWF
AFR2130L,LEADERSHIP LABORATORY-FALL TERM,4,yes,queued,PESC;SFC;UF;UWF
AMH3403,MODERN SOUTH,4,yes,queued,FAMU;UCF;UNF;UWF
AMH4170,CIVIL WAR AND RECONSTRUCTION,4,yes,queued,FAU;FIU;UCF;UWF
AML3604,AFRICAN-AMERICAN LITERATURE,4,yes,queued,EWU;FIU;USF;UWF
ANG6110,ARCHAEOLOGICAL THEORY,4,no,,UCF;UF;USF;UWF
ANG6905,DIRECTED STUDY,4,no,,FAU;UF;USF;UWF
ANT2905,DIRECTED STUDY,4,no,,BC;SFC;UCF;UWF
ARH4470,CONTEMPORARY ART,4,yes,queued,FAU;FIU;JMVU;UWF
ARH4940C,ART HISTORY INTERNSHIP,4,no,,FAU;UF;USF;UWF
ASH4404,MODERN CHINA,4,yes,queued,FAU;FIU;UCF;UWF
ATR5105C,ATHLETIC TRAINING TECHNIQUES,4,no,,FIU;UNF;USF;UWF
ATR5218C,PHYSICAL EXAMINATION II,4,no,,FIU;UNF;USF;UWF
ATT1120,INSTRUMENT PILOT GROUND SCHOOL,4,yes,queued,FSCJ;NWFSC;PHSC;UWF
BCN3224C,CONSTRUCTION TECHNIQUES,4,yes,queued,EU;UF;UNF;UWF
BCN4905,DIRECTED STUDY,4,no,,FAMU;FIU;UF;UWF
BOT2010L,GENERAL BOTANY LABORATORY,4,yes,queued,BC;PESC;SFC;UWF
BOT4404C,PHYCOLOGY,4,yes,queued,FIU;UNF;USF;UWF
BOT4503L,PLANT PHYSIOLOGY LAB,4,yes,queued,FAU;FIU;FSU;UWF
BSC1050,ENVIRONMENTAL SCIENCE,4,yes,queued,KU;SEC;SSCF;UWF
BSC1085L,ANATOMY & PHYSIOLOGY I LABORATORY,4,yes,queued,CFK;EU;PHSC;UWF
CCJ2002,CRIME IN AMERICA,4,yes,queued,CFK;FAU;UNF;UWF
CCJ3651,DRUGS AND CRIME,4,yes,queued,DORAL;FIU;FSU;UWF
CCJ4939,SENIOR CAPSTONE SEMINAR,4,no,,FAMU;UNF;USF;UWF
CCJ6905,INDEPENDENT STUDY,4,no,,FAU;UF;USF;UWF
CCJ6910,DIRECTED RESEARCH,4,no,,FGCU;UF;USF;UWF
CCJ6946,INTERNSHIP PROGRAM,4,no,,FIU;UCF;UNF;UWF
CDA3101,INTRODUCTION TO COMPUTER ORGANIZATION,4,yes,queued,FAMU;FSU;UF;UWF
CEG4801C,GEOTECHNICAL DESIGN,4,yes,queued,FAMU;FSU;UCF;UWF
CGN3501C,CIVIL ENGINEERING MATERIALS,4,yes,queued,FAU;UCF;UF;UWF
CHM4611,ADVANCED INORGANIC CHEMISTRY,4,yes,queued,FIU;UF;USF;UWF
CIS4368,INTRODUCTION TO DATABASE SECURITY,4,yes,queued,FAMU;FGCU;USF;UWF
CIS6971,THESIS,4,no,,UCF;UF;USF;UWF
CJC4010,CORRECTIONS,4,yes,queued,FGCU;UF;USF;UWF
CJE3674C,INTRODUCTION TO FORENSIC SCIENCE,4,yes,queued,FAU;KU;RU;UWF
CJJ4010,JUVENILE JUSTICE,4,yes,queued,FAU;FSU;UF;UWF
CJJ6020,JUVENILE JUSTICE,4,no,,UCF;UF;USF;UWF
COM3003,HUMAN COMMUNICATION,4,yes,queued,FIU;UCF;UNF;UWF
COM3014,GENDER & COMMUNICATION,4,yes,queued,FAU;FGCU;USF;UWF
COM4905,DIRECTED STUDY,4,no,,FAU;FSU;UNF;UWF
COM4940,INTERNSHIP,4,no,,FIU;KU;STU;UWF
COM4941,INTERNSHIP,4,no,,FSU;STU;UCF;UWF
COP3014C,PROGRAMMING 2,4,yes,queued,FAMU;FAU;FSU;UWF
CRW3310,POETRY WRITING,4,yes,queued,UCF;UF;UNF;UWF
CRW4211,CREATIVE NONFICTION,4,yes,queued,FAU;FIU;UF;UWF
CRW6130,FICTION WRITING,4,no,,FAU;UF;USF;UWF
CRW6331,VERSE WRITING,4,no,,FAU;UF;USF;UWF
CTS4348C,LINUX ADMINISTRATION,4,yes,queued,BC;FIU;USF;UWF
DAA2204C,BALLET I,4,yes,queued,FIU;UF;USF;UWF
ECO3303,HISTORY OF ECONOMIC THOUGHT,4,yes,queued,FIU;FSU;STU;UWF
ECT4905,DIRECTED STUDY,4,no,,FAMU;FIU;USF;UWF
ECT5905,DIRECTED INDIVIDUAL STUDY,4,no,,FAMU;FIU;FSU;UWF
EDA6503,THE PRINCIPALSHIP,4,no,,FIU;UF;USF;UWF
EDA6905,DIRECTED STUDY,4,no,,FAU;FIU;UF;UWF
EDF7475,QUALITATIVE RESRH DESG & ANLS,4,no,,FGCU;UCF;USF;UWF
EDF7478,ADVANCED QUALITATIVE ANALYSIS,4,no,,FGCU;UCF;USF;UWF
EDF7489,META-ANALYSIS,4,no,,FIU;FSU;UCF;UWF
EDG4941,INTERNSHIP II,4,no,,CC;PSC;UCF;UWF
EDG6415,PRINCIPLES OF INSTRUCTION AND CLASSROOM MANAGEMENT,4,no,,UCF;UF;UNF;UWF
EDG6940,GRADUATE INTERNSHIP,4,no,,FAU;UCF;UF;UWF
EDH6041,HIGHER EDUCATION ADVISING,4,no,,FGCU;FIU;UNF;UWF
EDH6634,STUD PERSONNEL SVCES-HIGHER ED,4,no,,FGCU;FIU;UCF;UWF
EEC4301,EARLY CHILDHOOD EDUCATION FOUNDATIONS,4,yes,queued,CF;FSCJ;FSU;UWF
EEE3308C,ELECTRONIC CIRCUITS 1,4,yes,queued,FLPOLY;UF;UNF;UWF
EEE3396C,SOLID STATE ELECTRONIC DEVICES,4,yes,queued,FIU;FLPOLY;UF;UWF
EEL5905,DIRECTED INDIVIDUAL (GRADUATE) STUDY,4,no,,FAMU;FSU;UF;UWF
EEX6025,FOUNDATIONS OF SPECIAL EDUCATION,4,no,,FGCU;UNF;USF;UWF
EEX6612,BEHAVIOR MANAGEMENT,4,no,,FGCU;UCF;USF;UWF
EME4673,FOUNDATIONS OF INSTRUCTIONAL DESIGN,4,yes,queued,SPC;UF;UNF;UWF
EME6458,DISTANCE TEACHING AND LEARNING,4,no,,FAU;UCF;UF;UWF
ENC1905,DIRECTED STUDY,4,no,,BC;FSU;TSC;UWF
ENC2905,DIRECTED STUDY,4,no,,CC;CF;UCF;UWF
ENC4940,WRITING INTERNSHIP,4,no,,UF;UNF;USF;UWF
ENT6016,VENTURE CREATION,4,no,,FAU;UCF;USF;UWF
ENV4351,SOLID WASTE ENGINEERING,4,yes,queued,FIU;UF;USF;UWF
ENV4514C,WATER & WASTEWATER ENGINEERING,4,yes,queued,FAU;FLPOLY;UF;UWF
EUH3121,EARLY MIDDLE AGES,4,yes,queued,FGCU;FSU;UF;UWF
EUH3122,HIGH MIDDLE AGES,4,yes,queued,FGCU;UCF;UF;UWF
EUH3570,MODERN RUSSIA,4,yes,queued,BU;FAU;FIU;UWF
EUH4465,NAZI GERMANY,4,yes,queued,FAU;FSU;UCF;UWF
FIN3244,MONEY AND CAPITAL MARKETS,4,yes,queued,FGCU;FNU;FSU;UWF
FIN4133,RETIREMENT PLANNING,4,yes,queued,FSU;UCF;USF;UWF
GEO3372,CONSERVATION OF RESOURCES,4,yes,queued,RU;UF;UNF;UWF
GEO6118,RESEARCH DESIGN,4,no,,FAU;FIU;UF;UWF
GIS4035C,REMOTE SENSING OF ENVIRONMENT,4,yes,queued,FAU;FSU;USF;UWF
GRA3112C,TYPOGRAPHIC DESIGN LAB 2,4,yes,queued,FAU;FSU;UCF;UWF
GRA4154C,ADVANCED ILLUSTRATION,4,yes,queued,FAU;UCF;UNF;UWF
HFT3221,MGT RESORT HOSP HUMAN RESOURC,4,yes,queued,FAU;FGCU;FSU;UWF
HFT4274,RESORT MANAGEMENT,4,yes,queued,FGCU;FIU;UCF;UWF
HFT4343,RESORT & REC FACILITIES MGT.,4,yes,queued,FGCU;FIU;UCF;UWF
HFT4945,INTERNSHIP EXPERIENCE,4,no,,FGCU;FIU;USF;UWF
HIS4935,SENIOR SEMINAR,4,no,,FAU;FIU;FSU;UWF
HIS4940,INTERNSHIP IN HISTORY,4,no,,FGCU;UNF;USF;UWF
HSA4192,HEALTH INFORMATICS,4,yes,queued,FIU;PSC;SPC;UWF
HSA4905,INDEPENDENT STUDY,4,no,,FAU;FIU;UNF;UWF
HSA5198,HEALTH INFORMATICS,4,no,,FAMU;FNU;UCF;UWF
HSA6197C,HEALTH INFORMATICS,4,no,,FIU;FNU;UCF;UWF
HUM4905,DIRECTED STUDY,4,no,,FAU;FLAC;USF;UWF
IDH2905,DIRECTED STUDY,4,no,,SFC;SSCF;UCF;UWF
IDH4905,HONORS CREDIT,4,no,,FAU;FIU;UF;UWF
IDH4970,HONORS THESIS,4,no,,FAU;UCF;USF;UWF
INP3004C,INDUSTRIAL PSYCHOLOGY,4,yes,queued,FIU;KU;UCF;UWF
INR4334,NATIONAL SECURITY POLICY,4,yes,queued,FAMU;FSU;UNF;UWF
INR4403,INTERNATIONAL LAW,4,yes,queued,EWU;FAMU;USF;UWF
INR4905,DIRECTED STUDY,4,no,,FIU;FSU;UF;UWF
INR5105,AMERICAN FOREIGN POLICY,4,no,,FAMU;FIU;UNF;UWF
ISM6562,BIG DATA FOR BUSINESS,4,no,,FGCU;UF;USF;UWF
MAT4905,DIRECTED STUDY,4,no,,CC;FIU;UF;UWF
MCB5205,MICROBES & DISEASE,4,no,,UCF;UF;UNF;UWF
MMC4601,VIDEO GAME ANALYSIS,4,yes,queued,FAMU;FIU;STU;UWF
MSL2905,DIRECTED STUDY,4,no,,SFC;SSCF;UCF;UWF
MSL4905,INDEPENDENT STUDY,4,no,,FSCJ;UF;UNF;UWF
MUN3123,CONCERT BAND,4,yes,queued,FLAC;UF;UNF;UWF
MUN3427,FLUTE CHOIR,4,yes,queued,UCF;UNF;USF;UWF
MUS2241,ITALIAN DICTION,4,yes,queued,FIU;UF;UNF;UWF
MVB3970,JUNIOR RECITAL,4,no,,FSU;UCF;UF;UWF
MVB4971,SENIOR RECITAL,4,no,,FLAC;FSU;UF;UWF
MVK3970,JUNIOR RECITAL,4,no,,FSU;UCF;UF;UWF
MVK4971,SENIOR RECITAL,4,no,,FLAC;FSU;UF;UWF
MVK5451,PIANO V,4,no,,FIU;FSU;UCF;UWF
MVP3970,JUNIOR RECITAL,4,no,,FSU;UCF;UF;UWF
MVP4971,SENIOR RECITAL,4,no,,FLAC;FSU;UF;UWF
MVS5451,VIOLIN V,4,no,,FIU;FSU;UCF;UWF
MVW3970,JUNIOR RECITAL,4,no,,FSU;UCF;UF;UWF
MVW4971,SENIOR RECITAL,4,no,,FLAC;FSU;UF;UWF
NGR5905,DIRECTED STUDY,4,no,,FAMU;FIU;FSU;UWF
NGR6202L,ADULT II PRIMARY CARE CLINICAL,4,no,,FAMU;FIU;UCF;UWF
NGR6301L,FAMILY NURSE PRACTITIONER II PRACTICUM,4,no,,FIU;UF;USF;UWF
NGR6715,INSTRUCTIONAL TECHNOLOGY,4,no,,FIU;FNU;UCF;UWF
NUR3905,DIRECTED STUDY,4,no,,FAMU;SPC;UCF;UWF
PAD6053,FOUNDATIONS OF PUBLIC ADMINISTRATION,4,no,,FAU;FIU;UCF;UWF
PET3640C,ADAPTED PHYSICAL ACTIVITES,4,yes,queued,EWU;FIU;USF;UWF
PHC4024,APPLIED EPIDEMIOLOGY,4,yes,queued,FGCU;FIU;UF;UWF
PHC4101,PUBLIC HEALTH CONCEPTS,4,yes,queued,FSU;UF;USF;UWF
PHC6194,SPATIAL EPIDEMIOLOGY,4,no,,FAMU;UF;USF;UWF
PHC6310,ENVIRONMENTAL TOXICOLOGY,4,no,,FAMU;FIU;USF;UWF
PHI2603,ETHICS IN CONTEMPORARY SOCIETY,4,yes,queued,FSCJ;NCF;UCF;UWF
PHI3400,PHILOSOPHY OF SCIENCE,4,yes,queued,FIU;FSU;UF;UWF
PHI4633,BIOMEDICAL ETHICS,4,yes,queued,FAU;FIU;UCF;UWF
PHY3220,CLASSICAL MECHANICS,4,yes,queued,UCF;UNF;USF;UWF
PHY4323,ELECTRICITY AND MAGNETISM I,4,yes,queued,FAMU;FIU;FSU;UWF
PHZ3151C,COMPUTATIONAL PHYSICS,4,yes,queued,FAU;FLPOLY;UCF;UWF
PLA3703,ETHICS,4,yes,queued,FGCU;KU;SPC;UWF
PLA4263,EVIDENCE,4,yes,queued,KU;SPC;UCF;UWF
PLA4885,CONSTITUTIONAL LAW,4,yes,queued,FGCU;FNU;KU;UWF
PLA4941,INTERNSHIP,4,no,,KU;SPC;UCF;UWF
PSB4002,BRAIN & BEHAVIOR,4,yes,queued,FGCU;STU;USF;UWF
PSY2905,DIRECTED STUDY,4,no,,BC;SFC;UCF;UWF
PSY4905,DIRECTED STUDY,4,no,,FAU;FLAC;UF;UWF
PUP4004,PUBLIC POLICY,4,yes,queued,FAU;FGCU;STU;UWF
QMB6305,QUANTITATIVE ANALYSIS,4,no,,EWU;UCF;USF;UWF
RED6546C,READING DIAGNOSIS,4,no,,FAU;FIU;UF;UWF
RTV2000,INTRODUCTION TO BROADCASTING,4,yes,queued,FSCJ;HC;SCFMS;UWF
RTV3511,VIDEO STORYTELLING,4,yes,queued,FIU;UCF;UF;UWF
SCE4320,SPECIAL METHODS: MIDDLE GRADES SCIENCE,4,yes,queued,FSU;UNF;USF;UWF
SOW4232,SOCIAL WELFARE POLICIES AND PROGRAMS,4,yes,queued,FAMU;FSU;UCF;UWF
SOW4403,RESEARCH METHODS IN SOCIAL WORK,4,yes,queued,FAMU;FAU;FSU;UWF
SOW4700,SOCIAL WORK AND CHEMICAL ADDICTION,4,yes,queued,FAMU;FAU;UNF;UWF
SOW5105,HUMAN BEHAVIOR AND SOCIAL ENVIRONMENT,4,no,,FAMU;FIU;FSU;UWF
SOW5324C,SOCIAL WORK PRACTICE II,4,no,,FAMU;FIU;FSU;UWF
SOW5532,FIELD PRACTICUM I,4,no,,FAMU;FIU;FSU;UWF
SOW6125,PSYCHOPATHOLOGY,4,no,,FAU;FIU;UNF;UWF
SOW6535,FIELD INSTRUCTION II,4,no,,FAU;FGCU;USF;UWF
SOW6536,FIELD INSTRUCTION III,4,no,,FAU;UCF;USF;UWF
SPC4680,RHETORICAL CRITICISM,4,yes,queued,FAU;FSU;UF;UWF
SPC4905,DIRECTED STUDY,4,no,,FLAC;UF;USF;UWF
SPM3403,SPORTS COMMUNICATION,4,yes,queued,EWU;UF;UNF;UWF
SPM4604,SPORT GOVERNANCE,4,yes,queued,EWU;FSU;TCJ;UWF
SPM4703,SPORT ANALYTICS,4,yes,queued,FSU;UF;UNF;UWF
SPM4905,DIRECTED INDIVIDUAL STUDY,4,no,,FSU;UF;UNF;UWF
STA4173,BIOSTATISTICS,4,yes,queued,EWU;FSU;UCF;UWF
STA4234,REGRESSION ANALYSIS,4,yes,queued,FAU;FGCU;FIU;UWF
STA4905,DIRECTED STUDY,4,no,,FIU;FSU;UF;UWF
STA5126,STATISTICS FOR DATA SCIENCE I,4,no,,FIU;FSU;UNF;UWF
STA6246,LINEAR MODELS,4,no,,FIU;UCF;UF;UWF
STA6707,MULTIVARIATE METHODS,4,no,,UCF;UF;UNF;UWF
STA6709,SPATIAL STATISTICS,4,no,,FSU;UCF;UF;UWF
SYD4800,GENDER AND SOCIETY,4,yes,queued,FAU;UF;USF;UWF
TAX6405,ESTATE AND GIFT ISSUES,4,no,,FAU;FGCU;UNF;UWF
TPA2290L,TECHNICAL THEATRE LAB,4,yes,queued,FIU;SJRSC;UCF;UWF
TPA3223C,LIGHTING TECHNOLOGY,4,yes,queued,FAU;UCF;USF;UWF
TSL5085,ESOL PRINCIPLES AND PRACTICES,4,no,,FGCU;UCF;USF;UWF
TSL5440,LANGUAGE TESTING,4,no,,FGCU;FSU;USF;UWF
TTE3004C,TRANSPORTATION ENGINEERING,4,yes,queued,FAMU;FAU;FSU;UWF
ZOO4472C,ORNITHOLOGY,4,yes,queued,FAU;UF;USF;UWF
ZOO4485,MARINE MAMMAL BIOLOGY,4,yes,queued,UF;UNF;USF;UWF
ACG4180,FINANCIAL STATEMENT ANALYSIS,3,yes,queued,EWU;RU;UWF
ACG5205,ADVANCED FINANCIAL ACCOUNTING,3,no,,FAU;USF;UWF
ACG6805,ACCOUNTING THEORY,3,no,,UCF;UNF;UWF
AFR2905,DIRECTED STUDY,3,no,,SFC;UCF;UWF
AFR4211L,PROFESSIONAL OFFICER COURSE LABORATORY,3,yes,queued,SFC;UF;UWF
AMH3540,AMERICAN MILITARY,3,yes,queued,FAMU;FSU;UWF
AMH4420,HISTORY OF FLORIDA,3,yes,queued,FAMU;FSU;UWF
AMH4544,UNITED STATES AND VIETNAM,3,yes,queued,FGCU;FIU;UWF
AMH5905,READINGS IN AMERICAN HISTORY,3,no,,FAU;FIU;UWF
AMH6116,COLONIAL AMERICA,3,no,,FGCU;USF;UWF
AML4640,AMERICAN-INDIAN LITERATURE,3,yes,queued,FAU;FIU;UWF
AML6506,STUDIES IN EARLY AMERICAN LIT,3,no,,FGCU;UNF;UWF
AML6507,STUDIES IN LATER AMERICAN LIT,3,no,,FGCU;UNF;UWF
ANG5536,BIOARCHAEOLOGY,3,no,,UCF;UF;UWF
ANG5905,DIRECTED INDIVIDUAL STUDY,3,no,,FIU;FSU;UWF
ANT3905,DIRECTED STUDY,3,no,,FGCU;UCF;UWF
APK2100C,HUMAN ANATOMY,3,yes,queued,FLPOLY;UF;UWF
APK2105C,HUMAN PHYSIOLOGY,3,yes,queued,FLPOLY;UF;UWF
APK3220C,BIOMECHANICS IN HUMAN MOTION,3,yes,queued,UF;USF;UWF
APK4119C,EXERCISE PROGRAM DESIGN,3,yes,queued,UCF;USF;UWF
APK4163,SPORT NUTRITION AND WEIGHT CONTROL,3,yes,queued,FIU;UCF;UWF
APK4220C,APPLIED BIOMECHANICS,3,yes,queued,FLAC;UCF;UWF
APK4941C,EXERCISE SCIENCE INTERNSHIP,3,no,,UNF;USF;UWF
APK5702,APPLIED SPORT SCIENCE,3,no,,UF;UNF;UWF
APK6127C,HUMAN PHYSIOLOGICAL ASSESSMENT,3,no,,UCF;UNF;UWF
APK6167C,SPORT NUTRITION AND ERGOGENIC AIDS,3,no,,UCF;UF;UWF
APK6226C,SPORT BIOMECHANICS,3,no,,UF;UNF;UWF
APK6970,MASTER'S RESEARCH,3,no,,FIU;UF;UWF
ARH3150,ANCIENT ROMAN ART AND ARCHITECTURE,3,yes,queued,FSU;UNF;UWF
ARH3350,BAROQUE ART,3,yes,queued,FIU;UNF;UWF
ARH3724,HISTORY OF GRAPHIC DESIGN,3,yes,queued,FIU;JMVU;UWF
ARH3728,HISTORY OF ILLUSTRATION,3,yes,queued,FSU;UCF;UWF
ART4941,INTERNSHIP,3,no,,UCF;USF;UWF
AST2037,LIFE IN THE UNIVERSE,3,yes,queued,UCF;UF;UWF
ATF1100L,PRIVATE PILOT FLIGHT,3,yes,queued,NWFSC;PSC;UWF
ATR3132,KINESIOLOGY,3,yes,queued,FSU;USF;UWF
ATR5435,MEDICAL CONDITIONS,3,no,,FIU;USF;UWF
ATR5815C,CLINICAL INTEGRATION I,3,no,,UNF;USF;UWF
ATR5825C,CLINICAL INTEGRATION II,3,no,,UNF;USF;UWF
ATR6517,PROFESSIONAL PRACTICE,3,no,,UCF;USF;UWF
ATR6835C,CLINICAL INTEGRATION III,3,no,,UNF;USF;UWF
ATR6845C,CLINICAL INTEGRATION IV,3,no,,UNF;USF;UWF
BCH3034L,ORGANIC CHEMISTRY II LAB,3,yes,queued,FNU;STU;UWF
BCN3740,CONSTRUCTION LAW,3,yes,queued,FIU;SPC;UWF
BCN4431,STRUCTURES I,3,yes,queued,FIU;UNF;UWF
BOT2905,DIRECTED STUDY,3,no,,SFC;UCF;UWF
BOT4734C,PLANT BIOTECHNOLOGY,3,yes,queued,FAU;SFC;UWF
BSC1086L,ANATOMY & PHYSIOLOGY II LABORATORY,3,yes,queued,CFK;PHSC;UWF
BSC6840,CRITICAL SKILLS IN SCIENCE,3,no,,FGCU;UNF;UWF
BSC6905,DIRECTED STUDY,3,no,,FAU;USF;UWF
CAI5205,DEEP LEARNING,3,no,,FGCU;USF;UWF
CAP4136,MALWARE ANALYSIS,3,yes,queued,UF;USF;UWF
CAP4774,DATA WAREHOUSING,3,yes,queued,GCSC;PSC;UWF
CAP4786,TOPICS IN BIG DATA ANALYTICS,3,yes,queued,FLPOLY;STU;UWF
CAP6778,ADVANCED DATA MINING,3,no,,FAU;FIU;UWF
CCJ4931,SPECIAL TOPICS IN CRIMINAL JUSTICE,3,no,,FAU;RU;UWF
CCJ6704,RESEARCH METHODS,3,no,,FAU;UCF;UWF
CEN3031,SOFTWARE ENGINEERING I,3,yes,queued,FGCU;UF;UWF
CGN2328C,TECHNICAL DRAWING AND VISUALIZATION,3,yes,queued,GCSC;UF;UWF
CGS3763,OPERATING SYSTEM CONCEPTS,3,yes,queued,MDC;UCF;UWF
CHM3905,DIRECTED STUDY,3,no,,FAMU;UCF;UWF
CHM3940,INTERNSHIP,3,no,,FGCU;UCF;UWF
CHM4610L,INORGANIC CHEMISTRY LABORATORY,3,yes,queued,FSU;UCF;UWF
CHM4912C,DIRECTED INDEPENDENT RESEARCH,3,no,,FGCU;UCF;UWF
CIS2530,INTRODUCTION TO CYBERSECURITY,3,yes,queued,LSSC;PESC;UWF
CIS4947,CAREER READINESS,3,no,,FIU;USF;UWF
CJE3617,COLD CASE INVESTIGATIONS,3,yes,queued,FIU;FSU;UWF
CJL6521,COURTS AND SOCIETY,3,no,,FAU;FNU;UWF
CLP3144,ABNORMAL PSYCHOLOGY,3,yes,queued,SFBC;UF;UWF
CLP4110,EATING DISORDERS,3,yes,queued,FSU;UF;UWF
CLP5166,PSYCHOPATHOLOGY,3,no,,FIU;UCF;UWF
CNT3004C,COMPUTER NETWORKS,3,yes,queued,FLPOLY;UCF;UWF
CNT6519,WIRELESS NETWORK SECURITY,3,no,,UCF;UNF;UWF
COM3461,INTERCULTURAL COMMUNICATION,3,yes,queued,FIU;KU;UWF
COM3930,SPECIAL TOPICS,3,no,,FSU;UCF;UWF
COM4561,SOCIAL MEDIA CAMPAIGNS,3,yes,queued,FSU;UNF;UWF
COM4620,COMMUNICATION ETHICS,3,yes,queued,FIU;KU;UWF
COP4534,ALGORITHM TECHNIQUES,3,yes,queued,FIU;KU;UWF
CRW6236,NONFICTION WRITING,3,no,,FAU;USF;UWF
CTS4457,DATA VISUALIZATION AND COMMUNICATION,3,yes,queued,SFC;SJRSC;UWF
DAA2905,DIRECTED STUDY,3,no,,SFC;UCF;UWF
DAA4905,DIRECTED STUDY,3,no,,FAU;FIU;UWF
EAB5700,BEHAVIOR ANALYSIS,3,no,,FIU;FSU;UWF
EAB5740,BEHAVIOR ANALYSIS IN PERFORMANCE MANAGEMENT AND SUPERVISION,3,no,,FNU;FSU;UWF
ECO5114,APPLIED MICROECONOMICS I,3,no,,FSU;UF;UWF
ECP4703,MANAGERIAL ECONOMICS,3,yes,queued,FAMU;FIU;UWF
EDA6193,LEADING LEARNING,3,no,,FSU;UF;UWF
EDA6222,ADMINISTRATION OF SCHOOL PERSONNEL,3,no,,FIU;UF;UWF
EDA6240,INTRODUCTION TO SCHOOL FINANCE,3,no,,FAMU;UCF;UWF
EDE4949,COOPERATIVE EDUCATION,3,no,,UCF;USF;UWF
EDF6905,DIRECTED STUDY,3,no,,FAU;UF;UWF
EDF6939,SEMINAR IN ACTION,3,no,,FGCU;UF;UWF
EDF6943,APPLIED SINGLE CASE DESIGN,3,no,,FIU;UF;UWF
EDF6944,FIELD EXPERIENCE,3,no,,FIU;USF;UWF
EDG4442,EFFECTIVE LEARNING ENVIRONMENTS,3,yes,queued,UF;UNF;UWF
EDG4931,SEMINAR IN SPECIAL TOPICS,3,no,,FAMU;UF;UWF
EDG4936,SENIOR SEMINAR,3,no,,CC;FGCU;UWF
EDH6405,HIGHER EDUCATION LAW,3,no,,FGCU;UNF;UWF
EDH6905,DIRECTED STUDY,3,no,,FIU;UF;UWF
EEL5245,POWER ELECTRONICS,3,no,,FLPOLY;UCF;UWF
EEL6246,POWER ELECTRONICS II,3,no,,UCF;UF;UWF
EEX4254,TCHING STUDENTS W/MILD-MOD DIS,3,yes,queued,FGCU;UNF;UWF
EEX4474,TCHNG STUDENTS MOD/SEV DISABIL,3,yes,queued,FGCU;UNF;UWF
EEX6051,EXCEPTIONALITIES,3,no,,FIU;USF;UWF
EEX6905,DIRECTED STUDY,3,no,,FAU;UF;UWF
EGN4950C,CAPSTONE DESIGN I,3,no,,FAU;KU;UWF
EME3905,DIRECTED INDEPENDENT STUDY,3,no,,UCF;UNF;UWF
EME6415,COURSEWARE DESIGN,3,no,,FAU;FSU;UWF
EME6607,INSTRUCTIONAL PROGRAM ANALYSIS,3,no,,FGCU;UCF;UWF
EME6609,INSTRUCTIONAL DESIGN,3,no,,UF;UNF;UWF
EME6940,DESIGN EXPERIENCE,3,no,,FGCU;UCF;UWF
EML4940,INDUSTRY INTERNSHIP,3,no,,FIU;USF;UWF
EML5905,DIRECTED STUDY,3,no,,FAMU;FSU;UWF
EML6905,DIRECTED STUDY,3,no,,FAU;UF;UWF
ENC3905,DIRECTED EXPERIENCE IN WRITING,3,no,,FSCJ;UCF;UWF
ENG2905,DIRECTED STUDY,3,no,,SFC;UCF;UWF
ENG3010,PRACTICAL CRITICISM,3,yes,queued,UCF;UF;UWF
ENG3113,FICTION AND FILM,3,yes,queued,UF;USF;UWF
ENG4013,LITERARY CRITICISM,3,yes,queued,UNF;USF;UWF
ENG4934,CAPSTONE EXPERIENCE,3,no,,FSU;USF;UWF
ENG5009,INTRO TO ADVANCED LITERARY STUDY,3,no,,FIU;UCF;UWF
ENG6019,TOPICS IN LITERARY THEORY,3,no,,UNF;USF;UWF
ENV3001L,ENVIRONMENTAL ENGINEERING LAB,3,yes,queued,FIU;UNF;UWF
ESE4322C,SECONDARY CLASSROOM MANAGEMENT,3,yes,queued,FIU;USF;UWF
EUH4140,RENAISSANCE,3,yes,queued,FAU;FSU;UWF
EUH4144,REFORMATION,3,yes,queued,FAU;FSU;UWF
EUH4185,THE VIKING EXPERIENCE,3,yes,queued,FIU;UF;UWF
EUH4453,THE FRENCH REVOLUTION,3,yes,queued,FLAC;STU;UWF
EUH5905,DIRECTED STUDY,3,no,,FAU;UCF;UWF
EVR4023,COASTAL RESOURCE MANAGEMENT,3,yes,queued,EU;FIU;UWF
FIN4461,FINANCIAL STATEMENT ANALYSIS,3,yes,queued,UNF;USF;UWF
FIN4561,BOND FUND MANAGEMENT,3,yes,queued,UCF;UNF;UWF
FIN5246,FINANCIAL INSTITUTIONS AND MARKETS,3,no,,FAMU;FNU;UWF
FRW3905,DIRECTED STUDY,3,no,,FIU;UCF;UWF
GEB6905,DIRECTED STUDY,3,no,,FAU;UF;UWF
GEO2905,DIRECTED STUDY,3,no,,SFC;UCF;UWF
GEO3421,CULTURAL GEOGRAPHY,3,yes,queued,FAMU;FIU;UWF
GEO3471,POLITICAL GEOGRAPHY,3,yes,queued,FIU;UCF;UWF
GEO4280C,BASIC HYDROLOGY,3,yes,queued,FAU;FSU;UWF
GEO4340,NATURAL HAZARDS,3,yes,queued,FSU;USF;UWF
GER4905,DIRECTED STUDY,3,no,,FIU;FSU;UWF
GIS4048C,APPLICATIONS IN GIS,3,yes,queued,FAU;UNF;UWF
GIS4102C,GIS PROGRAMMING,3,yes,queued,FAU;UF;UWF
GIS5100C,ADVANCED GEOGRAPHIC INFORMATION SYSTEMS,3,no,,FAU;FSU;UWF
GIS5103C,GIS PROGRAMMING,3,no,,FAU;FSU;UWF
GLY5266C,BIOGEOCHEMISTRY,3,no,,FGCU;FIU;UWF
GLY6905,DIRECTED STUDY,3,no,,UF;USF;UWF
GRA3139C,MOTION GRAPHICS,3,yes,queued,FAMU;UNF;UWF
GRA4905,DIRECTED STUDY,3,no,,FAMU;UF;UWF
HFT2000,INTRODUCTION TO HOSPITALITY AND TOURISM,3,yes,queued,STU;USF;UWF
HFT3271,SPA MANAGEMENT,3,yes,queued,FGCU;FIU;UWF
HFT4905,DIRECTED STUDY,3,no,,FAU;FSU;UWF
HIS2050,EXPLORE HISTORY,3,yes,queued,FAU;FSU;UWF
HIS6946,TEACHING PRACTICUM,3,no,,UCF;UNF;UWF
HSA3551,ETHICS IN HEALTHCARE,3,yes,queued,EU;KU;UWF
HSA6436,HEALTH ECONOMICS,3,no,,UF;UNF;UWF
HSA6707,RESEARCH METHODS FOR HEALTHCARE MANAGEMENT,3,no,,FAU;UNF;UWF
HSA6752,HEALTH CARE ANALYTICS,3,no,,FNU;UCF;UWF
HSC4905,DIRECTED STUDY,3,no,,FGCU;UF;UWF
HSC4910,CAPSTONE IN COMMUNITY HEALTH,3,no,,FGCU;SPC;UWF
HSC6905,DIRECTED STUDY,3,no,,FGCU;UF;UWF
IDH3940,INTERNSHIP,3,no,,FIU;UCF;UWF
IDS3052,INTRO TO INTEGRATED STUDIES,3,yes,queued,FGCU;FSU;UWF
INP6216,PERSONNEL SELECTION,3,no,,FIU;UCF;UWF
INR5088,INTERNATIONAL CONFLICT,3,no,,FIU;FSU;UWF
INR6007,SEMINAR IN INTERNATIONAL RELATIONS,3,no,,UCF;USF;UWF
ISC5905,DIRECTED STUDY,3,no,,FAMU;FSU;UWF
ISC8980,DISSERTATION,3,no,,FAMU;FSU;UWF
ISM6905,INDEPENDENT STUDY,3,no,,FAU;USF;UWF
JOU3940,INTERNSHIP,3,no,,UCF;UNF;UWF
JOU4201,NEWS EDITING,3,yes,queued,UF;USF;UWF
JPN2200,JAPANESE III,3,yes,queued,FIU;UCF;UWF
JPN2201,JAPANESE IV,3,yes,queued,FIU;UCF;UWF
LAH6936,SEMINAR IN HISTORY OF BRAZIL,3,no,,UF;UNF;UWF
LIN6905,DIRECTED STUDY,3,no,,FIU;UF;UWF
LIT3191,WORLD LITERATURE,3,yes,queued,FGCU;RU;UWF
LIT6905,DIRECTED STUDY,3,no,,FAU;UNF;UWF
MAA6306,REAL ANALYSIS,3,no,,FAU;UCF;UWF
MAC2905,DIRECTED STUDY,3,no,,SFC;UCF;UWF
MAN5351,TRAINING AND DEVELOPMENT,3,no,,FSU;MAU;UWF
MAN5905,DIRECTED INDIVIDUAL STUDY,3,no,,FAMU;FSU;UWF
MAN6156,MANAGEMENT AND ORGANIZATIONAL BEHAVIOR,3,no,,FAU;UIC;UWF
MAN6285,CHANGE MANAGEMENT,3,no,,EU;UCF;UWF
MCB4905,DIRECTED STUDY,3,no,,UF;USF;UWF
MLS3905,DIRECTED STUDY,3,no,,SFC;UCF;UWF
MMC4905,INDEPENDENT STUDY,3,no,,FIU;UNF;UWF
MUN3213,UNIVERSITY ORCHESTRA,3,yes,queued,UF;USF;UWF
MUN3426,SAXOPHONE QUARTET,3,yes,queued,UCF;UNF;UWF
MUN3483,GUITAR ENSEMBLE,3,yes,queued,UCF;UNF;UWF
MUS3905,DIRECTED STUDY,3,no,,FIU;UCF;UWF
MVV2905,DIRECTED STUDY,3,no,,SSCF;UCF;UWF
NGR5700C,DECISION MAKING,3,no,,FNU;FSU;UWF
NGR5871,HEALTH CARE INFORMATICS,3,no,,FSU;UCF;UWF
NGR6140,ADVANCED PATHOPHYSIOLOGY,3,no,,FGCU;UF;UWF
NGR6201L,FAMILY NURSE PRACTITIONER I PRACTICUM,3,no,,FAMU;FIU;UWF
NGR6202C,ADVANCED ADULT-GERONTOLOGY NURSING II,3,no,,FAMU;FIU;UWF
NGR6803,RESEARCH AND EVIDENCE-BASED PRACTICE,3,no,,FSU;USF;UWF
NGR6893,HEALTH SYSTEMS LEADERSHIP AND POLICY STRATEGIES,3,no,,FSU;USF;UWF
OCB3108C,MARINE FIELD STUDIES,3,yes,queued,FGCU;USF;UWF
PAD6357,URBAN RESILIENCE,3,no,,FGCU;UCF;UWF
PCB3905,DIRECTED STUDY,3,no,,SFC;UCF;UWF
PCB5025,MOLECULAR BIOLOGY,3,no,,FAMU;UCF;UWF
PCB5525,MOLECULAR BIOLOGY,3,no,,FSU;UNF;UWF
PCB5675,EVOLUTIONARY BIOLOGY,3,no,,FAMU;FSU;UWF
PET4765,THEORY AND PRACTICE OF COACHING,3,yes,queued,FSU;USF;UWF
PET4948C,PRACTICUM IN EXERCISE SCIENCES,3,no,,FSU;UF;UWF
PHC4140,GIS FOR PUBLIC HEALTH,3,yes,queued,FGCU;USF;UWF
PHC4320,ENVIRONMENTAL HEALTH SCIENCE,3,yes,queued,FSU;UF;UWF
PHC6946,INTERNSHIP,3,no,,UCF;UF;UWF
PHC7902,DIRECTED READINGS IN EPIDEMIOLOGY,3,no,,FAMU;UF;UWF
PHI4300,THEORY OF KNOWLEDGE,3,yes,queued,UCF;USF;UWF
PHI6905,DIRECTED STUDY,3,no,,FAU;UF;UWF
PHY3107,GENERAL PHYSICS II,3,yes,queued,FIU;FNU;UWF
PHY4513,THERMAL AND STATISTICAL PHYSICS,3,yes,queued,FLPOLY;FSU;UWF
PLA3240,ALTERNATIVE DISPUTE RESOLUTION,3,yes,queued,FGCU;SPC;UWF
PLA4554,ENVIRONMENTAL LAW,3,yes,queued,SPC;UCF;UWF
PLA4607,ESTATES AND TRUSTS,3,yes,queued,SPC;UCF;UWF
POR4905,DIRECTED STUDY,3,no,,FSU;USF;UWF
POS3625,THE FIRST AMENDMENT,3,yes,queued,FSU;UNF;UWF
POT4013,ANCIENT POLITICAL THOUGHT,3,yes,queued,FAU;UF;UWF
PSY3215,RESEARCH METHODS II,3,yes,queued,FIU;TCF;UWF
PSY4832,SPORT PSYCHOLOGY,3,yes,queued,FLAC;KU;UWF
PSY4949,COOPERATIVE EDUCATION,3,no,,UCF;UF;UWF
PSY6217,RESEARCH DESIGN & ANALYSIS II,3,no,,UNF;USF;UWF
RED3310,TEACHING READING AS A PROCESS,3,yes,queued,UCF;UNF;UWF
RED4542,READING DIAGNOSIS,3,yes,queued,FLAC;KU;UWF
RED6247,ORGAN & SUPV OF READING PROG,3,no,,FIU;USF;UWF
RED6747,RESEARCH IN READING,3,no,,FIU;FSU;UWF
REL1300,INTRODUCTION TO WORLD RELIGIONS,3,yes,queued,FSU;IRSC;UWF
REL2905,DIRECTED STUDY,3,no,,SFC;UCF;UWF
REL3241,NEW TESTAMENT,3,yes,queued,FGCU;UNF;UWF
RET3354,MEDICAL PHARMACOLOGY,3,yes,queued,PBSC;UWF;VC
RET4050,RESEARCH METHODS,3,yes,queued,FNU;FSWSC;UWF
RET4930,PROFESSIONAL SEMINAR,3,no,,FAMU;FNU;UWF
SCE3905,DIRECTED STUDY,3,no,,IRSC;UCF;UWF
SLS2905,DIRECTED STUDY,3,no,,SFC;UCF;UWF
SOW4242,CHILD WELFARE POLICY,3,yes,queued,FIU;JMVU;UWF
SOW5629,DYNAMICS OF OPPRESSION,3,no,,FAMU;FIU;UWF
SOW6678,LOSS AND BEREAVEMENT,3,no,,FAU;FGCU;UWF
SPM3104,SPORTS FACILITIES MANAGEMEMT,3,yes,queued,EFSC;UNF;UWF
SPM4012,SPORT IN SOCIETY,3,yes,queued,FIU;FSU;UWF
SPM4503,SPORT ECONOMICS,3,yes,queued,EWU;KU;UWF
SPN2210,SPANISH CONVERSATION I,3,yes,queued,FIU;FSCJ;UWF
SPN3410,ADVANCED ORAL COMMUNICATION,3,yes,queued,FAU;FIU;UWF
SPN4520,LATIN AMERICAN CULTURE,3,yes,queued,FIU;UCF;UWF
SPW4905,DIRECTED STUDY,3,no,,FAU;FSU;UWF
SSE4113,TEACHING SOCIAL STUDIES,3,yes,queued,FSU;KU;UWF
STA5326,MATHEMATICAL STATISTICS I,3,no,,FSU;USF;UWF
SYO3100,THE FAMILY,3,yes,queued,FAU;STU;UWF
SYO4530,SOCIAL INEQUALITY,3,yes,queued,FIU;UF;UWF
SYP3630,POPULAR CULTURE,3,yes,queued,FAU;UCF;UWF
TAX5105,CORPORATE INCOME TAX,3,no,,FAMU;FSU;UWF
TAX6905,DIRECTED STUDY,3,no,,FIU;UNF;UWF
THE4970,SENIOR PROJECT,3,no,,UCF;UF;UWF
TPA3601C,STAGE MANAGEMENT,3,yes,queued,UCF;USF;UWF
TPA4021C,LIGHTING DESIGN II,3,yes,queued,FSU;UF;UWF
TPA4045C,COSTUME DESIGN I,3,yes,queued,FSU;USF;UWF
TPA4077C,SCENE PAINTING,3,yes,queued,FSU;USF;UWF
TPP2905,DIRECTED STUDY,3,no,,SFC;UCF;UWF
TRA3153,STRATEGIC TRANSPORTATION MANAGEMENT,3,yes,queued,FSCJ;KU;UWF
TSL5345,METHODS OF ESOL TEACHING,3,no,,FSU;UCF;UWF
ACG3905,DIRECTED STUDY,2,no,,UCF;UWF
ACG4151,ACCOUNTING THEORY,2,yes,queued,TCJ;UWF
ACG5905,DIRECTED STUDY,2,no,,FSU;UWF
ACG5932,SPECIAL TOPICS,2,no,,FAU;UWF
ACG5933,SPECIAL TOPICS,2,no,,FAU;UWF
ACG5936,SPECIAL TOPICS IN ACCOUNTING & AUDITING,2,no,,FIU;UWF
ACG5937,SPECIAL TOPICS,2,no,,UCF;UWF
ACG6309,ADVANCED MANAGERIAL ACCOUNTING,2,no,,UNF;UWF
ADV3905,DIRECTED STUDY,2,no,,UCF;UWF
ADV4802,ADVERTISING CAMPAIGNS,2,yes,queued,EWU;UWF
ADV4905,DIRECTED STUDY,2,no,,UF;UWF
AFR1112,HERITAGE AND VALUES II,2,yes,queued,PESC;UWF
AFR1112L,HERITAGE AND VALUES II LAB,2,yes,queued,PESC;UWF
AFR2132,THE DEVELOPMENT OF AIR POWER II,2,yes,queued,PESC;UWF
AFR2132L,THE DEVELOPMENT OF AIR POWER II LAB,2,yes,queued,PESC;UWF
AMH4111,COLONIAL AMERICA,2,yes,queued,UF;UWF
AMH4375,TECHNOLOGY AND AMERICAN SOCIETY,2,yes,queued,FIU;UWF
AMH4641,VIDEO GAMES AND AMERICAN HISTORY,2,yes,queued,FLPOLY;UWF
AMH6905,DIRECTED STUDY,2,no,,UNF;UWF
AML2905,DIRECTED STUDY,2,no,,UCF;UWF
AML3905,DIRECTED STUDY,2,no,,UCF;UWF
AML6905,DIRECTED STUDY,2,no,,FAU;UWF
ANG5125C,CONSERVATION AND ANALYSIS OF ARCHAEOLOGICAL MATERIALS,2,no,,UCF;UWF
ANG5172,HISTORICAL ARCHAEOLOGY,2,no,,UF;UWF
ANG5181,GIS APPLICATIONS IN ANTHROPOLOGY,2,no,,UCF;UWF
ANG5191,MORTUARY ARCHAEOLOGY,2,no,,UCF;UWF
ANG5472,ANTHROPOLOGY OF GLOBALIZATION,2,no,,UNF;UWF
ANG6002,PROSEMINAR IN ANTHROPOLOGY,2,no,,UCF;UWF
ANG6286,SEMINAR IN CONTEMPORARY THEORY,2,no,,UF;UWF
ANG6583,PRIMATE FUNCTIONAL MORPHOLOGY,2,no,,UF;UWF
ANT4944,ANTHROPOLOGY INTERNSHIP,2,no,,UCF;UWF
APK2000C,INTRODUCTION TO KINESIOLOGY,2,yes,queued,KU;UWF
APK2100L,HUMAN ANATOMY LAB,2,yes,queued,FLPOLY;UWF
APK2105L,HUMAN PHYSIOLOGY LAB,2,yes,queued,FLPOLY;UWF
APK4114C,STRENGTH AND CONDITIONING II,2,yes,queued,UCF;UWF
APK4200,MOTOR DEVELOPMENT,2,yes,queued,FIU;UWF
APK4600C,PHYSICAL CHANGES AND AGING,2,yes,queued,FLAC;UWF
APK4905C,DIRECTED STUDY,2,no,,UF;UWF
APK6940,INTERNSHIP IN EXERCISE SCIENCE,2,no,,UF;UWF
ARE3905,DIRECTED STUDY,2,no,,UCF;UWF
ARH3301,EARLY EUROPEAN RENAISSANCE,2,yes,queued,FGCU;UWF
ARH3607,NATIVE AMERICAN ART,2,yes,queued,FSU;UWF
ARH3621,AMERICAN ART,2,yes,queued,UNF;UWF
ARH3773,HISTORY OF ANIMATION,2,yes,queued,STU;UWF
ARH3871,WOMEN IN ART,2,yes,queued,UF;UWF
ARH3905,DIRECTED STUDY,2,no,,UCF;UWF
ARH4563,ART OF JAPAN,2,yes,queued,FAU;UWF
ARH4931C,SEMINAR IN ART HISTORY,2,no,,UF;UWF
ARH5905,DIRECTED STUDY,2,no,,UF;UWF
ART3905,DIRECTED STUDY,2,no,,UCF;UWF
ART3950,STUDIO ART PORTFOLIO,2,no,,UCF;UWF
ART3951C,DESIGN INTENSIVE,2,no,,UCF;UWF
ART5905C,DIRECTED STUDY,2,no,,UF;UWF
ART6905,DIRECTED STUDY,2,no,,FAU;UWF
ASC4460,CREW RESOURCE MANAGEMENT,2,yes,queued,PSC;UWF
ASH3442,MODERN JAPAN,2,yes,queued,UF;UWF
AST3222,INTRODUCTION TO ASTROPHYSICS,2,yes,queued,FLPOLY;UWF
AST3905,DIRECTED STUDY,2,no,,UCF;UWF
ATF3502L,CERTIFIED FLIGHT INSTRUCTOR: FLIGHT,2,yes,queued,PSC;UWF
ATF3511L,MULTIENGINE FLIGHT INSTRUCTOR,2,yes,queued,PSC;UWF
ATF3531L,INSTRUMENT FLIGHT INSTRUCTOR: FLIGHT,2,yes,queued,PSC;UWF
ATR2000C,INTRODUCTION TO SPORTS MEDICINE,2,yes,queued,UNF;UWF
ATR4902,DIRECTED STUDY,2,no,,UNF;UWF
ATR5115C,MANAGEMENT OF MEDICAL EMERGENCIES,2,no,,FIU;UWF
ATR6425,PHARMACOLOGY AND DIAGNOSTIC IMAGING IN ATHLETIC TRAINING,2,no,,FIU;UWF
ATR6620,RESEARCH IN ATHLETIC TRAINING I,2,no,,FIU;UWF
ATR6621,RESEARCH IN ATHLETIC TRAINING II,2,no,,FIU;UWF
ATT1110,COMMERCIAL PILOT GROUND SCHOOL,2,yes,queued,FSCJ;UWF
ATT3134,CERTIFIED FLIGHT INSTRUCTOR: GROUND,2,yes,queued,PSC;UWF
BCH3905,DIRECTED STUDY,2,no,,UCF;UWF
BCH4905,DIRECTED STUDY,2,no,,UF;UWF
BCH6905,DIRECTED STUDY,2,no,,UF;UWF
BCN2210,CONSTRUCTION MATERIALS,2,yes,queued,FIU;UWF
BCN2251C,CONSTRUCTION DRAWINGS,2,yes,queued,SSCF;UWF
BCN3281C,CONSTRUCTION METHODS LAB,2,yes,queued,UF;UWF
BCN3590,SUSTAINABLE CONSTRUCTION,2,yes,queued,FGCU;UWF
BCN3731C,CONSTRUCTION SAFETY,2,yes,queued,FAMU;UWF
BCN4564,CONSTRUCTION MECHANICS II,2,yes,queued,FIU;UWF
BOT3905,DIRECTED STUDY,2,no,,UCF;UWF
BOT4850,MEDICAL BOTANY,2,yes,queued,UCF;UWF
BOT4905,DIRECTED STUDY,2,no,,UF;UWF
BOT5852,MEDICAL BOTANY,2,no,,FIU;UWF
BOT6905,DIRECTED STUDY,2,no,,UF;UWF
BSC2311,INTRODUCTION TO MARINE BIOLOGY,2,yes,queued,GCSC;UWF
BSC3905,DIRECTED STUDY,2,no,,UCF;UWF
BSC4303,BIOGEOGRAPHY,2,yes,queued,FIU;UWF
BSC4401L,FORENSIC BIOLOGY,2,yes,queued,FIU;UWF
BSC5459,BIOINFORMATICS AND DATA SCIENCE,2,no,,FIU;UWF
BSC5865,CONSERVATION BIOLOGY,2,no,,FAMU;UWF
BSC5905,DIRECTED STUDY,2,no,,UNF;UWF
BUL4244,COMMERCIAL LAW,2,yes,queued,EWU;UWF
BUL6905,DIRECTED STUDY,2,no,,UF;UWF
CAI4802,ARTIFICIAL INTELLIGENCE FOR CYBERSECURITY,2,yes,queued,FAU;UWF
CAI4930,SPECIAL TOPICS IN ARTIFICIAL INTELLIGENCE,2,no,,USF;UWF
CAI5335,INTRODUCTION TO LARGE LANGUAGE MODELS,2,no,,USF;UWF
CAI5607,GENERATIVE AI,2,no,,FIU;UWF
CAI6107,MACHINE LEARNING,2,no,,FGCU;UWF
CAI6803,DEEP LEARNING FOR CYBERSECURITY,2,no,,FAU;UWF
CAP4601,INTRODUCTION TO ARTIFICIAL INTELLIGENCE,2,yes,queued,FSU;UWF
CAP4755C,DATAX,2,yes,queued,BC;UWF
CAP5775,DATA WAREHOUSING,2,no,,FLPOLY;UWF
CAP6606,FUNDAMENTALS OF MACHINE LEARNING ALGORITHMS,2,no,,FSU;UWF
CCJ3193,CRIME AND MENTAL ILLNESS,2,yes,queued,FIU;UWF
CCJ3450,THE CRIMINAL JUSTICE MANAGER,2,yes,queued,UCF;UWF
CCJ3691,SEX OFFENSES AND THE OFFENDER,2,yes,queued,SJRSC;UWF
CCJ3905,DIRECTED STUDY,2,no,,UCF;UWF
CCJ4141,RESTORATIVE JUSTICE,2,yes,queued,FAU;UWF
CCJ4955,STUDY ABROAD,2,no,,UCF;UWF
CEG3011L,SOIL MECHANICS LAB,2,yes,queued,FAMU;UWF
CEN3032,SOFTWARE ENGINEERING II,2,yes,queued,KU;UWF
CEN4078,SECURE SOFTWARE DEVELOPMENT,2,yes,queued,SPC;UWF
CEN4905,DIRECTED STUDY,2,no,,UF;UWF
CEN6017,ENGINEERING OF SOFTWARE II,2,no,,UNF;UWF
CGN4931,SPECIAL TOPICS IN CIVIL ENGINEERING,2,no,,UNF;UWF
CGS4912,DIRECTED INDEPENDENT RESEARCH,2,no,,UCF;UWF
CHM2933,STEMINAR,2,no,,UWF;VC
CHM4455L,POLYMER CHEMISTRY LAB,2,yes,queued,FAMU;UWF
CHM4931,SEMINARS IN CHEMISTRY,2,no,,UNF;UWF
CHS4100L,RADIOCHEMISTRY TECHNIQUES LAB,2,yes,queued,FIU;UWF
CIS4325,SYSTEM ANALYSIS AND DESIGN,2,yes,queued,UNF;UWF
CIS4905,DIRECTED STUDY,2,no,,UF;UWF
CIS4941,INTERNSHIP,2,no,,UCF;UWF
CIS5396,CYBER-SECURITY FORENSICS,2,no,,FAMU;UWF
CIS5775,CYBERSECURITY PRINCIPLES,2,no,,FAU;UWF
CIS6511,IT RISK MANAGEMENT,2,no,,USF;UWF
CIS6905,DIRECTED STUDY,2,no,,UF;UWF
CJC6021,PENOLOGY,2,no,,FAU;UWF
CLP3905,DIRECTED STUDY,2,no,,UCF;UWF
CLP6905,DIRECTED STUDY,2,no,,UF;UWF
CNT3112,ADVANCED NETWORK ADMINISTRATION,2,yes,queued,AU;UWF
CNT4416,CYBER WAR GAMING,2,yes,queued,FAMU;UWF
CNT4526,WIRELESS AND MOBILE NETWORKING,2,yes,queued,FLPOLY;UWF
COM2713,WRITING FOR STRATEGIC COMMUNICATION,2,yes,queued,STU;UWF
COM3471,SOCIAL MEDIA'S IMPACT ON COMMUNICATION,2,yes,queued,FIU;UWF
COM3905,DIRECTED STUDY,2,no,,UCF;UWF
COM4110,BUSINESS AND PROFESSIONAL COMMUNICATION,2,yes,queued,UCF;UWF
COM4120,ORGANIZATIONAL COMMUNICATION,2,yes,queued,UCF;UWF
COM4301,COMMUNICATION RESEARCH,2,yes,queued,UNF;UWF
COM4564C,SOCIAL MEDIA MANAGEMENT,2,yes,queued,KU;UWF
COM6401,COMMUNICATION THEORY,2,no,,UCF;UWF
COM6565,SOCIAL MEDIA COMMUNITY MANAGEMENT,2,no,,UF;UWF
COP3905,DIRECTED STUDY,2,no,,UCF;UWF
COP4723,DATABASE ADMINISTRATION,2,yes,queued,MDC;UWF
COP4864,CLIENT-SIDE PROGRAMMING,2,yes,queued,GCSC;UWF
COP4905C,DIRECTED STUDY,2,no,,FLPOLY;UWF
COP6727,ADVANCED DATABASE SYSTEMS,2,no,,FIU;UWF
COT6905,DIRECTED STUDY,2,no,,FAU;UWF
CRW2905,DIRECTED STUDY,2,no,,UCF;UWF
CRW3905,DIRECTED STUDY,2,no,,UCF;UWF
CRW4905,DIRECTED STUDY,2,no,,UF;UWF
CRW6905,DIRECTED STUDY,2,no,,UNF;UWF
CWR3201L,FLUID MECHANICS LABORATORY,2,yes,queued,FIU;UWF
DAA3905,DIRECTED STUDY,2,no,,UCF;UWF
DEP2905,DIRECTED STUDY,2,no,,UCF;UWF
DEP3905,DIRECTED STUDY,2,no,,UCF;UWF
DIG3001C,INTRODUCTION TO DIGITAL MEDIA,2,yes,queued,FIU;UWF
EAB5708,EXPERIMENTAL ANALYSIS OF BEHAVIOR,2,no,,FSU;UWF
EAB5745,BEHAVIOR ANALYSIS IN ORGANIZATIONS,2,no,,FSU;UWF
EAB5746,BEHAVIOR SYSTEMS ANALYSIS,2,no,,FSU;UWF
EAB6140,CONCEPTS & PRINCIPLES IN ABA,2,no,,FAMU;UWF
EAS4020,INTRODUCTION TO FLIGHT,2,yes,queued,USF;UWF
ECO3106,BEHAVIORAL ECONOMICS,2,yes,queued,FIU;UWF
ECO3905,DIRECTED STUDY,2,no,,UCF;UWF
ECO6905,DIRECTED STUDY,2,no,,FGCU;UWF
ECP4613,URBAN ECONOMICS,2,yes,queued,FSU;UWF
ECT3905,DIRECTED STUDY,2,no,,UCF;UWF
ECW7167,CAREER DEVELOPMENT IN VOCATIONAL TECHNOLOGY,2,no,,USF;UWF
EDA3905,DIRECTED STUDY,2,no,,UCF;UWF
EDA5191,LEADERSHIP FOR DIVERSITY,2,no,,FSU;UWF
EDA5905,DIRECTED STUDY,2,no,,FAMU;UWF
EDA6196,LEADERSHIP AND LEARNING ORGANIZATIONS,2,no,,UNF;UWF
EDA6504,PRINCIPLES AND THEORIES OF CURRICULUM,2,no,,FIU;UWF
EDE3905,DIRECTED STUDY,2,no,,UCF;UWF
EDE4201,PLANNING AND CURRICULUM II,2,yes,queued,FLAC;UWF
EDE6905,DIRECTED STUDY,2,no,,UF;UWF
EDF3905,DIRECTED STUDY,2,no,,UCF;UWF
EDF5905,DIRECTED STUDY,2,no,,FIU;UWF
EDF6229,EDUCATIONAL PSYCHOLOGY,2,no,,FAU;UWF
EDF7404,QUALITATIVE RESEARCH DATA ANALYSIS,2,no,,FIU;UWF
EDF7407,RESEARCH IN EDUCATIONAL LEADERSHIP 2,2,no,,UCF;UWF
EDF7442,CURRICULUM - INSTRUCTION - AND ASSESSMENT,2,no,,FIU;UWF
EDG3661,ADULT LEARNING THEORY & CURRICULUM DEVELOPMENT,2,yes,queued,SPC;UWF
EDG3905,DIRECTED STUDY,2,no,,UCF;UWF
EDG4077,INFORMAL LEARNING ENVIRONMENTS,2,yes,queued,FGCU;UWF
EDG4334,UNIVERSAL DESIGN FOR LEARNING IN INFORMAL LEARNING ENVIRONMENTS,2,yes,queued,USF;UWF
EDG4944,INTEGRATED FINAL INTERNSHIP,2,no,,USF;UWF
EDG4948,SERVICE LEARNING,2,no,,UCF;UWF
EDG4949,CLINICAL EXPERIENCE 2,2,no,,UCF;UWF
EDG5342,ANALYZING AND REFINING TEACHING,2,no,,FSU;UWF
EDG6217,AI IN CURRICULUM - INSTRUCTION AND ASSESSMENT,2,no,,USF;UWF
EDG6905,DIRECTED STUDY,2,no,,UF;UWF
EDG6918,DIRECTED RESEARCH,2,no,,UCF;UWF
EDM3905,DIRECTED STUDY,2,no,,UCF;UWF
EEC3905,DIRECTED STUDY,2,no,,UCF;UWF
EEC5905,DIRECTED STUDY,2,no,,JMVU;UWF
EEC6905,DIRECTED STUDY,2,no,,UF;UWF
EEE4306C,ELECTRONIC CIRCUITS 2,2,yes,queued,UF;UWF
EEE4310,VLSI CIRCUIT DESIGN,2,yes,queued,UF;UWF
EEL3905,DIRECTED STUDY,2,no,,UCF;UWF
EEL4940,ENGINEERING INTERNSHIP,2,no,,USF;UWF
EEL5291,SMART DISTRIBUTION SYSTEMS,2,no,,UCF;UWF
EEL5630,DIGITAL CONTROL SYSTEMS,2,no,,UCF;UWF
EEL5654,CONTROL SYSTEMS 2,2,no,,FAU;UWF
EEX3905,DIRECTED STUDY,2,no,,UCF;UWF
EEX4255,CURRICULUM FOR TEACHING STUDENTS WITH EXCEPTIONALI,2,yes,queued,UNF;UWF
EEX6308,SINGLE SUBJECT RESEARCH DESIGN,2,no,,UF;UWF
EEX6786,COLLABORATIVE PRACTICES IN SCHOOLS,2,no,,UF;UWF
EGM3344,NUMERICAL METHODS,2,yes,queued,UF;UWF
EGM3401,ENGINEERING MECHANICS-DYNAMICS,2,yes,queued,UF;UWF
EGS3441,ENGINEERING STATISTICS,2,yes,queued,FLPOLY;UWF
EME2620,DIGITAL LITERACY,2,yes,queued,FAU;UWF
EME3312,TECHNOLOGY SUPPORTED LEARNING,2,yes,queued,SLU;UWF
EME3351,ADULT LEARNING THEORY AND CURRICULUM DEVELOPMENT,2,yes,queued,UNF;UWF
EME3624,TRAINING NEEDS ASSESSMENT,2,yes,queued,UNF;UWF
EME4043,INSTRUCTIONAL TECHNOLOGY LEADERSHIP,2,yes,queued,UNF;UWF
EME4083,PROGRAM EVALUATION IN INSTRUCTIONAL DESIGN AND TECHNOLOGY,2,yes,queued,UNF;UWF
EME4674,DEVELOPMENT OF INSTRUCTIONAL MATERIALS,2,yes,queued,UNF;UWF
EME4684,LEARNING DESIGN AND TECHNOLOGY CAPSTONE,2,yes,queued,UNF;UWF
EME4905,DIRECTED STUDY,2,no,,FSU;UWF
EME6035,FOUNDATIONS OF AI TOOLS IN EDUCATION,2,no,,USF;UWF
EME6409,INTERACTIVE DISTANCE EDUCATION,2,no,,UNF;UWF
EME6414,WEB-BASED INSTRUCTIONAL TOOLS,2,no,,FSU;UWF
EME6426,HPT INTERVENTIONS,2,no,,FAU;UWF
EME6678,EFFECTIVE TRAINING DESIGN AND DEVELOPMENT,2,no,,UNF;UWF
EME6905,DIRECTED STUDY,2,no,,FIU;UWF
EME6946,INTERNSHIP,2,no,,UCF;UWF
EME8980,DISSERTATION,2,no,,FSU;UWF
EME8981,DOCTORAL PROSPECTUS DEFENSE,2,no,,FSU;UWF
EME8982,EDD PROSPECTUS DEFENSE,2,no,,FSU;UWF
EML5546,COMPOSITE MATERIALS,2,no,,UCF;UWF
EML6805,FOUNDATIONS FOR ROBOTICS,2,no,,FIU;UWF
EML6938,SPECIAL TOPICS,2,no,,UCF;UWF
ENC3455,WRITING ABOUT SCIENCE AND TECHNOLOGY,2,yes,queued,UCF;UWF
ENC4905,DIRECTED STUDY,2,no,,UF;UWF
ENC5945,ENGLISH INTERNSHIP,2,no,,FSU;UWF
ENC6905,DIRECTED STUDY,2,no,,UNF;UWF
ENG3905,DIRECTED STUDY,2,no,,UCF;UWF
ENG5068,TOPICS IN LANGUAGE & LINGUISTICS,2,no,,FSU;UWF
ENG6018,HISTORY OF LITERARY THEORY,2,no,,USF;UWF
ENL2010,HISTORY OF ENGLISH LITERATURE I,2,yes,queued,FLAC;UWF
ENL2020,HISTORY OF ENGLISH LITERATURE II,2,yes,queued,FLAC;UWF
ENL2905,DIRECTED STUDY,2,no,,UCF;UWF
ENL3905,DIRECTED STUDY,2,no,,UCF;UWF
ENL6905,DIRECTED STUDY,2,no,,FAU;UWF
ENV4102,AIR POLLUTION CONTROL,2,yes,queued,USF;UWF
ENV4330,HAZARDOUS WASTE ENGINEERING,2,yes,queued,FIU;UWF
ESC2000L,DISCOVERING EARTH SCIENCE LAB,2,yes,queued,UNF;UWF
ESC2905,DIRECTED STUDY,2,no,,SFC;UWF
ESE3905,DIRECTED STUDY,2,no,,UCF;UWF
ESE4905,DIRECTED STUDY,2,no,,UF;UWF
ESE4940,PRE INTERNSHIP SECONDARY SCHOOL,2,no,,FAMU;UWF
ESE6905,DIRECTED STUDY,2,no,,UF;UWF
EUH4242,THE FIRST WORLD WAR,2,yes,queued,FSU;UWF
EUH4462,GERMANY SINCE 1866,2,yes,queued,FIU;UWF
EUH6905,DIRECTED STUDY,2,no,,UNF;UWF
EVR2920,ENVIRONMENTAL FORUM & COLLOQUIUM,2,no,,FAMU;UWF
EVR3905,DIRECTED STUDY,2,no,,UNF;UWF
EVR4035,ENVIRONMENTAL LAW,2,yes,queued,FGC;UWF
EVR4823,ENVIRONMENTAL IMPACT ANALYSIS,2,yes,queued,EU;UWF
EVR4941,INTERNSHIP IN ENVIRONMENTAL STUDIES,2,no,,FIU;UWF
EVR6930,SPECIAL TOPICS IN ENVIRONMENTAL SCIENCES,2,no,,USF;UWF
EVS6905,DIRECTED STUDY,2,no,,FAU;UWF
EVS6971,THESIS,2,no,,FAU;UWF
EXP3905,DIRECTED STUDY,2,no,,UCF;UWF
EXP4507,MEMORY AND COGNITION,2,yes,queued,UCF;UWF
EXP5256,HUMAN FACTORS I,2,no,,UCF;UWF
FAS6905,DIRECTED STUDY,2,no,,UF;UWF
FIL3427C,FILM I,2,yes,queued,USF;UWF
FIL3833,FILM GENRE,2,yes,queued,UNF;UWF
FIL3905,DIRECTED STUDY,2,no,,UCF;UWF
FIL4036,FILM TO THE 1940(S),2,yes,queued,FAU;UWF
FIL4102,SCRIPT AND SCREENWRITING,2,yes,queued,EWU;UWF
FIL4364,DOCUMENTARY FILM & TELEVISION,2,yes,queued,FAU;UWF
FIL4905,DIRECTED STUDY,2,no,,FSU;UWF
FIL6905,DIRECTED STUDY,2,no,,UNF;UWF
FIN2104,PERSONAL FINANCE,2,yes,queued,FGC;UWF
FIN3144,PERSONAL FINANCIAL PLANNING,2,yes,queued,FGCU;UWF
FIN3905,DIRECTED STUDY,2,no,,UCF;UWF
FIN5905,DIRECTED STUDY,2,no,,FAMU;UWF
FIN6905,DIRECTED STUDY,2,no,,UF;UWF
FLE2905,DIRECTED STUDY,2,no,,UCF;UWF
FLE3905,DIRECTED STUDY,2,no,,UCF;UWF
FRE2210C,FRENCH 4,2,yes,queued,FSCJ;UWF
FRE3905,DIRECTED STUDY,2,no,,UCF;UWF
FRW4905,DIRECTED STUDY,2,no,,FAU;UWF
GEB3032,BUSINESS ESSENTIALS FOR NON-ACCOUNTANTS,2,yes,queued,STU;UWF
GEB3453,BUSINESS ETHICS & STAKEHOLDER MANAGEMENT,2,yes,queued,PBSC;UWF
GEB4361,INTERNATIONAL BUSINESS,2,yes,queued,SIUN;UWF
GEB5930,SPECIAL TOPICS: GENERAL BUSINESS,2,no,,FLPOLY;UWF
GEO3905,DIRECTED STUDY,2,no,,UCF;UWF
GEO4251,ADVANCED CLIMATOLOGY AND CLIMATE CHANGE,2,yes,queued,FSU;UWF
GEO4357,ENVIRONMENT AND ECONOMY,2,yes,queued,FSU;UWF
GEO5165C,GEOSTATISTICS,2,no,,FSU;UWF
GEO5345,NATURAL HAZARDS AND DISASTERS,2,no,,FSU;UWF
GEO5358,ENVIRONMENT AND ECONOMY,2,no,,FSU;UWF
GEO6905,DIRECTED STUDY,2,no,,UF;UWF
GEO6936,GRADUATE SEMINAR,2,no,,UNF;UWF
GER3905,DIRECTED STUDY,2,no,,UCF;UWF
GEY4001,GERONTOLOGY,2,yes,queued,UF;UWF
GIS4006,COMPUTER CARTOGRAPHY,2,yes,queued,FSU;UWF
GIS4035L,INTRODUCTION TO REMOTE SENSING LAB,2,yes,queued,FSU;UWF
GIS4043L,GIS LAB,2,yes,queued,FSU;UWF
GIS4301C,GIS FOR ENVIRONMENTAL ANALYSIS,2,yes,queued,UCF;UWF
GIS5050,ENVIRONMENTAL GIS,2,no,,FIU;UWF
GIS5305,GIS FOR ENVIRONMENTAL ANALYSIS,2,no,,FSU;UWF
GIS5935,TOPICS IN GEOGRAPHIC INFORMATION SYSTEMS,2,no,,FIU;UWF
GLY3905,DIRECTED STUDY,2,no,,UCF;UWF
GLY4240,GEOCHEMISTRY,2,yes,queued,FSU;UWF
GLY4244C,BIOGEOCHEMISTRY,2,yes,queued,FGCU;UWF
GLY5246,GEOCHEMISTRY,2,no,,UF;UWF
GRA2508C,COLOR THEORY,2,yes,queued,JMVU;UWF
GRA3881C,DESIGN: SEMIOTICS,2,yes,queued,FIU;UWF
GRA4882C,ANALYSIS OF TRENDS AND STYLES,2,yes,queued,JMVU;UWF
GRA4950C,PORTFOLIO-GRAPHIC DESIGN AND VIS COM,2,no,,IRSC;UWF
GRE3905,DIRECTED STUDY,2,no,,UCF;UWF
HFT3053,TRAVEL AND TOURISM MANAGEMENT,2,yes,queued,STU;UWF
HFT3214,FOOD SANITATION MANAGEMENT,2,yes,queued,SIUN;UWF
HFT3814C,FOOD & BEVERAGE OPERATIONS MANAGEMENT,2,yes,queued,FSU;UWF
HFT3904,DIRECTED STUDY,2,no,,FIU;UWF
HFT4252,HOTEL AND RESORT MANAGEMENT,2,yes,queued,UCF;UWF
HFT4503,HOSPITALITY / TOURISM MARKETING,2,yes,queued,FAU;UWF
HFT4753,SPECIAL EVENT MANAGEMENT,2,yes,queued,STU;UWF
HFT4940,INTERNSHIP,2,no,,UIC;UWF
HFT4947,EXPERIENTIAL LEARNING INTERNSHIP,2,no,,UCF;UWF
HIM4218,HEALTHCARE DATA ANALYSIS USING PYTHON,2,yes,queued,UCF;UWF
HIS2496,PANDEMICS AND PEOPLE,2,yes,queued,FSU;UWF
HIS3002,THE HISTORIAN'S CRAFT,2,yes,queued,USF;UWF
HIS4491,HISTORY OF MEDICINE AND SOCIETY,2,yes,queued,UNF;UWF
HIS4905,DIRECTED STUDY,2,no,,UF;UWF
HIS5515,HISTORY OF ARCHITECTURE,2,no,,FSU;UWF
HIS6938,SPECIAL TOPICS,2,no,,UCF;UWF
HLP3905,DIRECTED STUDY,2,no,,UCF;UWF
HLP5905,DIRECTED STUDY,2,no,,FAMU;UWF
HLP6535,RESEARCH PROCEDURES,2,no,,UF;UWF
HMG5466,HOSPITALITY REVENUE MANAGEMENT,2,no,,FSU;UWF
HMG6224,LEADERSHIP IN HOSPITALITY AND TOURISM,2,no,,UCF;UWF
HSA3140,STRATEGIC PLANNING IN HEALTHCARE,2,yes,queued,FAMU;UWF
HSA4941,INTERNSHIP,2,no,,UCF;UWF
HSA6103,HEALTH SERVICES ADMINISTRATION,2,no,,FAU;UWF
HSA6425,HEALTH LAW,2,no,,FAU;UWF
HSA6435,DECISION ANALYSIS IN HC,2,no,,FGCU;UWF
HSC3905,DIRECTED STUDY,2,no,,UCF;UWF
HSC6037,PHILOSOPHY & PRINCIPLES OF HEALTH EDUCATION,2,no,,UF;UWF
HSC6587,PUBLIC HEALTH PROGRAM PLANNING,2,no,,UNF;UWF
HSC6667,SOCIAL MARKETING IN HEALTH EDUCATION,2,no,,UCF;UWF
IDC6940,CAPSTONE COURSE IN DATA SCIENCE,2,no,,FIU;UWF
IDH1906,IDENPENDENT STUDY,2,no,,UCF;UWF
IDH3905,DIRECTED STUDY,2,no,,UCF;UWF
IDH4030,HONORS SEMINAR: TOPIC I,2,yes,queued,UCF;UWF
IDH4038,HONORS SEMINAR: TOPIC IX,2,yes,queued,FAU;UWF
INP3313,ORGANIZATIONAL BEHAVIOR,2,yes,queued,FSU;UWF
INP3905,DIRECTED STUDY,2,no,,UCF;UWF
INP4380,PSYCHOLOGY OF TEAMWORK,2,yes,queued,UCF;UWF
INP5131,LEGAL ISSUES IN INDUSTRIAL/ORGANIZATIONAL PSYCHOLOGY,2,no,,FNU;UWF
INR3503,MODEL UNITED NATIONS,2,yes,queued,FAMU;UWF
INR3905,DIRECTED STUDY,2,no,,UCF;UWF
INR4060,CAUSES OF WAR,2,yes,queued,UCF;UWF
INR4061,INTERNATIONAL CONFLICT,2,yes,queued,FGCU;UWF
INR4124,STATECRAFT,2,yes,queued,FSU;UWF
INR4224,WAR AND PEACE IN EAST ASIA,2,yes,queued,UCF;UWF
ISM5327,CORPORATE INFORMATION SECURITY,2,no,,FSU;UWF
ISM5328,CYBERSECURITY RISK MANAGEMENT,2,no,,AU;UWF
ISM5404,BUSINESS INTELLIGENCE,2,no,,FSU;UWF
ISM6137,BUSINESS ANALYTICS,2,no,,USF;UWF
ISM6326,INFORMATION SECURITY AND COMPLIANCE,2,no,,FIU;UWF
ISM6575,ADVANCED CYBERSECURITY RISK MANAGEMENT,2,no,,FIU;UWF
JOU3314,ENVIRONMENTAL REPORTING,2,yes,queued,FIU;UWF
JOU3342,MEDIA CONVERGENCE,2,yes,queued,UNF;UWF
JOU3905,DIRECTED STUDY,2,no,,UCF;UWF
JOU4306,ADVANCED DATA JOURNALISM,2,yes,queued,UF;UWF
JOU4313C,SPORTS REPORTING,2,yes,queued,UF;UWF
JOU4905,DIRECTED STUDY,2,no,,UF;UWF
JPN2905,DIRECTED STUDY,2,no,,UCF;UWF
JPN3905,DIRECTED STUDY,2,no,,UCF;UWF
LAE3905,DIRECTED STUDY,2,no,,UCF;UWF
LAE4905,DIRECTED STUDY,2,no,,FSU;UWF
LAH4131,INDIANS IN LATIN AMERICAN HISTORY,2,yes,queued,FAU;UWF
LAH6905,DIRECTED STUDY,2,no,,UNF;UWF
LEI3905,DIRECTED STUDY,2,no,,UCF;UWF
LEI4905,DIRECTED STUDY,2,no,,UF;UWF
LEI6905,DIRECTED STUDY,2,no,,UF;UWF
LIN3673,RHETORICAL GRAMMAR,2,yes,queued,UCF;UWF
LIN3905,DIRECTED STUDY,2,no,,UCF;UWF
LIS4905,DIRECTED STUDY,2,no,,FSU;UWF
LIT2905,DIRECTED STUDY,2,no,,UCF;UWF
LIT3002,TOPICS IN GENRE FICTION,2,yes,queued,FSU;UWF
LIT3905,DIRECTED STUDY,2,no,,UCF;UWF
LIT4385,FEMINIST THEORY,2,yes,queued,FSU;UWF
LIT4905,DIRECTED STUDY,2,no,,UNF;UWF
MAA4905,DIRECTED STUDY,2,no,,STU;UWF
MAC3905,DIRECTED STUDY,2,no,,UCF;UWF
MAD6405,NUMERICAL ANALYSIS,2,no,,UNF;UWF
MAE3905,DIRECTED STUDY,2,no,,UCF;UWF
MAE4905,DIRECTED STUDY,2,no,,FSU;UWF
MAN5331,COMPENSATION MANAGEMENT,2,no,,FSU;UWF
MAN5446,BUSINESS NEGOTIATION,2,no,,FAMU;UWF
MAN5619,GLOBAL LOGISTICS MANAGEMENT,2,no,,FLPOLY;UWF
MAN6317,CRITICAL THINKING IN HUMAN RESOURCE MANAGEMENT,2,no,,FIU;UWF
MAN6511,OPERATIONS MANAGEMENT PROBLEMS,2,no,,UF;UWF
MAN6774,EXECUTIVE LEADERSHIP,2,no,,USF;UWF
MAP3905,DIRECTED STUDY,2,no,,UCF;UWF
MAP5196,MATHEMATICS FOR DATA SCIENCE,2,no,,FSU;UWF
MAS3905,DIRECTED STUDY,2,no,,UCF;UWF
MAT3905,DIRECTED STUDY,2,no,,FIU;UWF
MAT6905,DIRECTED STUDY,2,no,,UF;UWF
MAT6910,SUPERVISED RESEARCH,2,no,,UF;UWF
MCB3905,DIRECTED STUDY,2,no,,UCF;UWF
MCB6905,DIRECTED STUDY,2,no,,UF;UWF
MHF3905,DIRECTED STUDY,2,no,,UCF;UWF
MMC3905,DIRECTED STUDY,2,no,,UCF;UWF
MMC3930,SPECIAL TOPICS,2,no,,UCF;UWF
MMC6905,DIRECTED STUDY,2,no,,UF;UWF
MSL3905,DIRECTED STUDY,2,no,,UCF;UWF
MTG3905,DIRECTED STUDY,2,no,,UCF;UWF
MUE3423,STRING TECHNIQUES,2,yes,queued,USF;UWF
MUE3905,DIRECTED INDEPENDENT STUDY,2,no,,UCF;UWF
MUE4344,TEACHING INSTRUMENTAL MUSIC,2,yes,queued,FGCU;UWF
MUE4411,CHORAL TECHNIQUES,2,yes,queued,FSU;UWF
MUE4475,PERCUSSION METHODS AND MATERIALS,2,yes,queued,FAU;UWF
MUG3108,CONDUCTING 2,2,yes,queued,USF;UWF
MUH2513,WORLD MUSIC,2,yes,queued,FSWSC;UWF
MUH3905,DIRECTED STUDY,2,no,,UCF;UWF
MUH4905,DIRECTED STUDY,2,no,,FLAC;UWF
MUL3551,WIND LITERATURE,2,yes,queued,FIU;UWF
MUL3602,SONG LITERATURE,2,yes,queued,UCF;UWF
MUL3905,DIRECTED STUDY,2,no,,UCF;UWF
MUN2905,DIRECTED STUDY,2,no,,UCF;UWF
MUN3103,PEP BAND,2,yes,queued,UNF;UWF
MUN3437,HORN QUARTET,2,yes,queued,UCF;UWF
MUN3905,DIRECTED STUDY,2,no,,UCF;UWF
MUT2905,DIRECTED STUDY,2,no,,UCF;UWF
MUT3401,COUNTERPOINT,2,yes,queued,FIU;UWF
MUT3905,DIRECTED STUDY,2,no,,UCF;UWF
MUT4905,DIRECTED STUDY,2,no,,UCF;UWF
MVK3905,DIRECTED STUDY,2,no,,UCF;UWF
MVK4942,ACCOMPANYING INTERNSHIP I,2,no,,UNF;UWF
NGR5140,PATHOPHYSIOLOGY ACROSS THE LIFESPAN,2,no,,FSU;UWF
NGR5888,HEALTHCARE QUALITY AND SAFETY IN PROFESSIONAL NURSING PRACTICE,2,no,,FSU;UWF
NGR6605,PRIMARY CARE 2: FOUNDATIONS OF ADVANCED NURSING PRACTICE,2,no,,FAU;UWF
NGR6605L,PRIMARY CARE 2 PRACTICUM: FOUNDATIONS OF ADVANCED NURSING PRACTICE,2,no,,FAU;UWF
NGR6710L,CLINICAL SPECIALTY PRACTICUM FOR THE NURSE EDUCATOR,2,no,,FIU;UWF
NGR6728,NURSING LEADERSHIP I SEMINAR,2,no,,FNU;UWF
NGR6729,NURSING LEADERSHIP II SEMINAR,2,no,,UNF;UWF
NGR6734C,NURSING MANAGEMENT AND LEADERSHIP PROJECT,2,no,,UNF;UWF
NGR6872,NURSING INFORMATION MANAGEMENT,2,no,,FGCU;UWF
OCB3108L,FIELD STUDIES IN MARINE SCIENCE,2,yes,queued,UNF;UWF
OCE4905,DIRECTED STUDY,2,no,,FSU;UWF
PAD3905,DIRECTED STUDY,2,no,,UCF;UWF
PAD5146,THE NONPROFIT PROFESSION,2,no,,UCF;UWF
PAD5434,LEADERSHIP IN SUSTAINABILITY,2,no,,FNU;UWF
PAD5855,CONTRACT PLANNING AND FORMULATION,2,no,,UCF;UWF
PAD6041,PUBLIC SERVICE ETHICS,2,no,,USF;UWF
PAD6206,FUNDRAISING FOR NONPROFITS,2,no,,FAU;UWF
PAD6275,POLITICAL ECONOMY FOR PUBLIC MANAGERS,2,no,,USF;UWF
PAD6971,THESIS,2,no,,UCF;UWF
PAS2054,INTRODUCTION TO THE PA PROFESSION (L),2,yes,queued,FSU;UWF
PCB2905,DIRECTED STUDY,2,no,,UCF;UWF
PCB4905,DIRECTED STUDY,2,no,,FAU;UWF
PCB5204C,CELL PHYSIOLOGY,2,no,,FAMU;UWF
PCB5256,DEVELOPMENTAL BIOLOGY,2,no,,USF;UWF
PCB5317C,MARINE ECOLOGY,2,no,,FAMU;UWF
PCB5727,COMPARATIVE ANIMAL PHYSIOLOGY,2,no,,FAMU;UWF
PCB6905,DIRECTED STUDY,2,no,,FAU;UWF
PCO2905,DIRECTED STUDY,2,no,,UCF;UWF
PCO6206,ETHICAL AND PROFESSIONAL ISSUES IN COUNSELING,2,no,,FIU;UWF
PCO6278,MULTICULTURAL COUNSELING,2,no,,UF;UWF
PEM3905,DIRECTED STUDY,2,no,,UCF;UWF
PEN2123,SWIMMING III,2,yes,queued,IRSC;UWF
PET3344C,ATHLETIC COACHING METHODS,2,yes,queued,TCJ;UWF
PET3471,SPORT OFFICIATING,2,yes,queued,USF;UWF
PET3905,DIRECTED STUDY,2,no,,UCF;UWF
PET4434,YOUTH SPORT PEDAGOGY,2,yes,queued,USF;UWF
PET4820,ADOLESCENT SPORT PEDAGOGY,2,yes,queued,USF;UWF
PET4940C,INTERNSHIP,2,no,,KU;UWF
PET5389C,APPLIED PHYSIOLOGY IN MUSCULAR DEVELOPMENT,2,no,,FSU;UWF
PET6706,ANALYSIS OF RESEARCH IN PHYSICAL EDUCATION,2,no,,USF;UWF
PET6905,DIRECTED STUDY,2,no,,FAU;UWF
PGY3905,DIRECTED STUDY,2,no,,UCF;UWF
PGY4905,DIRECTED STUDY,2,no,,FAMU;UWF
PGY4940C,INTERNSHIP,2,no,,FIU;UWF
PHC4109,PUBLIC HEALTH BIOLOGY,2,yes,queued,FGCU;UWF
PHC4464,INTRODUCTION TO HEALTH DISPARITIES & SOCIAL DETERM,2,yes,queued,USF;UWF
PHC4930,PUBLIC HEALTH SEMINAR,2,no,,UF;UWF
PHC4940,PUBLIC HEALTH CAPSTONE,2,no,,FIU;UWF
PHC5102,PRINCIPLES OF PUBLIC HEALTH,2,no,,EU;UWF
PHC6110,COMPARATIVE HEALTH,2,no,,FSU;UWF
PHC6196,APPLIED DATA ANALYSIS IN PUBLIC HEALTH,2,no,,USF;UWF
PHC6300,ENVIRONMENTAL HEALTH,2,no,,USF;UWF
PHC6360,SAFETY MGMT PRINCIPLES & PRACTICES,2,no,,USF;UWF
PHC6585,PUBLIC HEALTH COMMUNICATION,2,no,,USF;UWF
PHC6905,DIRECTED STUDY,2,no,,UF;UWF
PHC7059,ADVANCED SURVIVAL DATA ANALYSIS,2,no,,USF;UWF
PHC7149,PUBLIC HEALTH LEADERSHIP AND SYSTEMS THINKING,2,no,,USF;UWF
PHC7162,GRANT WRITING IN PUBLIC HEALTH,2,no,,FIU;UWF
PHC7719,APPLIED MULTIVARIATE ANALYSIS IN PUBLIC HEALTH,2,no,,FIU;UWF
PHI3200,SOCIAL-POLITICAL PHILOSOPHY,2,yes,queued,FGCU;UWF
PHI3452,PHILOSOPHY OF BIOLOGY,2,yes,queued,FSU;UWF
PHI3790,AFRICAN PHILOSOPHY,2,yes,queued,UCF;UWF
PHI3880,PHILOSOPHY OF FILM,2,yes,queued,UNF;UWF
PHI3905,DIRECTED STUDY,2,no,,UCF;UWF
PHI5687,ETHICS OF AI,2,no,,UCF;UWF
PHI5905,DIRECTED STUDY,2,no,,UF;UWF
PHY3106,MODERN PHYSICS,2,yes,queued,FIU;UWF
PHY3905,DIRECTED STUDY,2,no,,UCF;UWF
PHY4445,LASERS,2,yes,queued,UCF;UWF
PHY4822L,ADVANCED LABORATORY,2,yes,queued,FSU;UWF
PHY5905,DIRECTED STUDY,2,no,,UF;UWF
PHZ4113,MATHEMATICAL PHYSICS I,2,yes,queued,FAU;UWF
PLA3464,BANKRUPTCY LAW,2,yes,queued,FNU;UWF
PLA3613,PROPERTY LAW,2,yes,queued,FNU;UWF
PLA3806,FAMILY LAW,2,yes,queued,FGCU;UWF
PLA3905,DIRECTED STUDY,2,no,,UCF;UWF
PLA4191,LEGAL REASONING,2,yes,queued,UCF;UWF
PLA4764,LAW OFFICE PRACTICES,2,yes,queued,UCF;UWF
PLA4955,STUDY ABROAD,2,no,,UCF;UWF
POR2905,DIRECTED STUDY,2,no,,UCF;UWF
POS2948,SERVICE LEARNING FIELD STUDIES I,2,no,,EFSC;UWF
POS3033,POLITICAL ANALYSIS,2,yes,queued,FAU;UWF
POS3453,POLITICAL PARTIES AND INTEREST GROUPS,2,yes,queued,USF;UWF
POS3624,INDIVIDUAL RIGHTS AND PRIVILEGES,2,yes,queued,FAMU;UWF
POS3905,DIRECTED STUDY,2,no,,UCF;UWF
PSB4731,BIOPSYCHOLOGY OF SEXUAL BEHAVIOR,2,yes,queued,FSU;UWF
PSY3860,POSITIVE PSYCHOLOGY,2,yes,queued,FLAC;UWF
PSY3905,DIRECTED STUDY,2,no,,UCF;UWF
PSY6905,DIRECTED STUDY,2,no,,UF;UWF
PSY6917,DIRECTED RESEARCH,2,no,,USF;UWF
PSY6948,INTERNSHIP,2,no,,FSU;UWF
PUP5045,PUBLIC POLICY ANALYSIS,2,no,,FSU;UWF
PUR3905,DIRECTED STUDY,2,no,,UCF;UWF
PUR3930,SPECIAL TOPICS,2,no,,UCF;UWF
PUR4407,MANAGING MEDIA RELATIONS,2,yes,queued,KU;UWF
PUR4600,PR STRATEGIES,2,yes,queued,UCF;UWF
PUR4905,DIRECTED STUDY,2,no,,UF;UWF
RED3905,DIRECTED STUDY,2,no,,UCF;UWF
RED4905,DIRECTED STUDY,2,no,,FSU;UWF
RED6116,LANGUAGE AND LITERACY ACQUISITION,2,no,,UCF;UWF
REL3905,DIRECTED STUDY,2,no,,UCF;UWF
RET3028,FOUNDATIONS OF RESPIRATORY THERAPY,2,yes,queued,FAMU;UWF
RET3028L,FOUNDATIONS OF RESPIRATORY THERAPY LAB,2,yes,queued,FAMU;UWF
RET3493,PATIENT ASSESSMENT,2,yes,queued,FAMU;UWF
RET3493L,PATIENT ASSESSMENT LAB,2,yes,queued,FAMU;UWF
RET3884,CLINICAL PRACTICUM I,2,yes,queued,FAMU;UWF
RET3885,CLINICAL PRACTICUM II,2,yes,queued,FAMU;UWF
RET4277,ADULT CRITICAL CARE,2,yes,queued,SSCF;UWF
RET4616,ADVANCED SEMINAR IN RESPIRATORY THERAPY,2,yes,queued,FAMU;UWF
RET4718,NEONATAL PEDIATRIC CRITICAL CARE,2,yes,queued,SSCF;UWF
RET4886,CLINICAL PRACTICUM III,2,yes,queued,FAMU;UWF
RET4887,CLINICAL PRACTICUM IV,2,yes,queued,FAMU;UWF
RTV3400,HISTORY OF TELEVISION,2,yes,queued,STU;UWF
RTV3533,VIDEO PRODUCTION,2,yes,queued,EWU;UWF
RTV3700,MEDIA LAW AND POLICY,2,yes,queued,UF;UWF
RTV3905,DIRECTED STUDY,2,no,,UCF;UWF
RTV4905,DIRECTED STUDY,2,no,,UF;UWF
SCE4905,DIRECTED STUDY,2,no,,FSU;UWF
SDS6905,DIRECTED STUDY,2,no,,UF;UWF
SOP3905,DIRECTED STUDY,2,no,,UCF;UWF
SOP6669,ADVANCED ORGANIZATIONAL PSYCHOLOGY,2,no,,USF;UWF
SOW3113,THE SOCIAL ENVIRONMENT AND HUMAN BEHAVIOR I,2,yes,queued,FIU;UWF
SOW3313,WORK WITH INDIVIDUALS,2,yes,queued,FIU;UWF
SOW3322,WORK WITH GROUPS,2,yes,queued,FGCU;UWF
SOW3905,DIRECTED STUDY,2,no,,UCF;UWF
SOW4141,FAMILY VIOLENCE,2,yes,queued,FAU;UWF
SOW4233,SOCIAL WELFARE POLICY PRACTICE,2,yes,queued,USF;UWF
SOW4613,MENTAL HEALTH SERVICES,2,yes,queued,FAMU;UWF
SOW4740,DEATH  AND  DYING,2,yes,queued,FAMU;UWF
SOW5106,HUMAN BEHAVIOR AND THE SOCIAL ENVIRONMENT II,2,no,,FAMU;UWF
SOW5128,COGNITIVE BEHAVIORAL THERAPY,2,no,,FSU;UWF
SOW5305,GENERAL PRACTICE I,2,no,,UCF;UWF
SOW5605,MEDICAL SOCIAL WORK,2,no,,FIU;UWF
SOW5710,CURRENT ISSUES IN ADDICTION PRACTICES,2,no,,FIU;UWF
SOW5905,DIRECTED STUDY,2,no,,FIU;UWF
SOW6618,CLINICAL SOCIAL WORK WITH GROUPS,2,no,,FAU;UWF
SOW6846,CLINICAL PRACTICE WITH GROUPS,2,no,,UCF;UWF
SOW6905,DIRECTED STUDY,2,no,,FAU;UWF
SOW6916,SUPERVISED RESEARCH,2,no,,FSU;UWF
SPC3593,PRACT IN FORENSICS,2,yes,queued,FSU;UWF
SPC3905,DIRECTED STUDY,2,no,,UCF;UWF
SPC6905,DIRECTED STUDY,2,no,,UF;UWF
SPM3109,SPORT EVENT MANAGEMENT,2,yes,queued,UF;UWF
SPM3941,SPORT MANAGEMENT INTERNSHIP,2,no,,FIU;UWF
SPM4003,CAREER IN PROFESSIONAL SPORT,2,yes,queued,FSU;UWF
SPM4162,ESPORTS MANAGEMENT,2,yes,queued,KU;UWF
SPM5205,ENVIRONMENTAL SUSTAINABILITY IN SPORT,2,no,,UF;UWF
SPM5708,SPORT ANALYTICS,2,no,,FSU;UWF
SPM6308,STUDY OF SPORT CONSUMER BEHAVIORS,2,no,,UF;UWF
SPM6947,INTERNSHIP,2,no,,UF;UWF
SPN3905,DIRECTED STUDY,2,no,,UCF;UWF
SPN4500,SPANISH CULTURE,2,yes,queued,FIU;UWF
SPW3905,DIRECTED STUDY,2,no,,UCF;UWF
SPW6905,DIRECTED STUDY,2,no,,UF;UWF
SSE3905,DIRECTED STUDY,2,no,,UCF;UWF
SSE4324,TEACHING MIDDLE SCHOOL SOCIAL STUDIES,2,yes,queued,FAU;UWF
STA2360,INTRODUCTION TO DATA SCIENCE,2,yes,queued,UCF;UWF
STA3162C,APPLIED STATISTICS,2,yes,queued,FLPOLY;UWF
STA3905,DIRECTED STUDY,2,no,,UCF;UWF
STA5176,STATISTICAL MODELING,2,no,,UCF;UWF
STA6257,APPLIED STATISTICS II,2,no,,NCF;UWF
STA6507,NONPARAMETRIC STATISTICS,2,no,,UCF;UWF
STA6666,STATISTICAL QUALITY CONTROL,2,no,,UNF;UWF
STA6856,TIME SERIES ANALYSIS,2,no,,FNU;UWF
STA6905,DIRECTED STUDY,2,no,,UF;UWF
SYA3905,DIRECTED STUDY,2,no,,UCF;UWF
SYA5905,INDIVID WORK,2,no,,UF;UWF
SYA6905,INDIVIDUAL WORK,2,no,,UF;UWF
SYD3905,DIRECTED STUDY,2,no,,UCF;UWF
SYG3905,DIRECTED STUDY,2,no,,UCF;UWF
SYG4905,DIRECTED STUDY,2,no,,FAU;UWF
SYO3905,DIRECTED STUDY,2,no,,UCF;UWF
SYP3905,DIRECTED STUDY,2,no,,UCF;UWF
THE2925L,RUN CREW,2,no,,UCF;UWF
THE3112,THEATRE HISTORY I,2,yes,queued,FAMU;UWF
THE3113,THEATRE HISTORY II,2,yes,queued,FAMU;UWF
THE3243,MUSICAL THEATRE HISTORY,2,yes,queued,FIU;UWF
THE3905,DIRECTED STUDY,2,no,,UCF;UWF
THE5905,DIRECTED STUDY,2,no,,FSU;UWF
THE6905,DIRECTED STUDY,2,no,,UF;UWF
TPA3022,LIGHTING DESIGN 1,2,yes,queued,FAU;UWF
TPA3064C,SCENE DESIGN I,2,yes,queued,FAU;UWF
TPA4061,SCENE DESIGN II,2,yes,queued,FIU;UWF
TPA4905,DIRECTED STUDY,2,no,,FSU;UWF
TPA5905,DIRECTED STUDY,2,no,,FSU;UWF
TPP3905,DIRECTED STUDY,2,no,,UCF;UWF
TPP4905,DIRECTED STUDY,2,no,,FSU;UWF
TRA4155,SUPPLY CHAIN MANAGEMENT,2,yes,queued,CF;UWF
TRA5206,LOGISTICS INFORMATION SYSTEMS,2,no,,MAU;UWF
TSL5250,APPLIED LINGUISTICS,2,no,,FSU;UWF
ZOO3905,DIRECTED STUDY,2,no,,UCF;UWF
ZOO4905,DIRECTED STUDY,2,no,,UF;UWF
ZOO5458,ICHTHYOLOGY,2,no,,UF;UWF
ZOO5486C,MAMMALOGY,2,no,,UF;UWF
ZOO5514,ANIMAL BEHAVIOR,2,no,,UNF;UWF
ZOO6905,DIRECTED STUDY,2,no,,UF;UWF
