rank,slug,name,cip,cip_title,soc,soc_title,cluster,type,cip_seeded,status
1,mechanical-engineer,Mechanical Engineer,14.19,Mechanical Engineering,17-2141,Mechanical Engineers,ENG,DIRECT,yes,published
2,electrical-engineer,Electrical Engineer,14.10,"Electrical, Electronics, and Communications Engineering",17-2071,Electrical Engineers,ENG,DIRECT,yes,published
3,civil-engineer,Civil Engineer,14.08,Civil Engineering,17-2051,Civil Engineers,ENG,DIRECT,yes,published
4,industrial-engineer,Industrial Engineer,14.35,Industrial Engineering,17-2112,Industrial Engineers,ENG,DIRECT,yes,published
5,aerospace-engineer,Aerospace Engineer,14.02,"Aerospace, Aeronautical, and Astronautical/Space Engineering",17-2011,Aerospace Engineers,ENG,DIRECT,yes,published
6,chemical-engineer,Chemical Engineer,14.07,Chemical Engineering,17-2041,Chemical Engineers,ENG,DIRECT,yes,published
7,biomedical-engineer,Biomedical Engineer,14.05,Biomedical/Medical Engineering,17-2031,Bioengineers and Biomedical Engineers,ENG,DIRECT,yes,published
8,environmental-engineer,Environmental Engineer,14.14,Environmental/Environmental Health Engineering,17-2081,Environmental Engineers,ENG,DIRECT,yes,published
9,computer-hardware-engineer,Computer Hardware Engineer,14.09,Computer Engineering,17-2061,Computer Hardware Engineers,ENG,DIRECT,yes,published
10,materials-engineer,Materials Engineer,14.18,Materials Engineering,17-2131,Materials Engineers,ENG,DIRECT,yes,published
11,electronics-engineering-technician,Electronics Engineering Technician,15.03,Electrical/Electronic Engineering Technologies/Technicians,17-3023,Electrical and Electronic Engineering Technologists and Technicians,MFG,DIRECT,yes,published
12,mechanical-engineering-technician,Mechanical Engineering Technician,15.08,Mechanical Engineering Related Technologies/Technicians,17-3027,Mechanical Engineering Technologists and Technicians,MFG,DIRECT,yes,published
13,industrial-engineering-technician,Industrial Engineering Technician,15.06,Industrial Production Technologies/Technicians,17-3026,Industrial Engineering Technologists and Technicians,MFG,DIRECT,yes,published
14,civil-engineering-technician,Civil Engineering Technician,15.02,Civil Engineering Technologies/Technicians,17-3022,Civil Engineering Technologists and Technicians,MFG,DIRECT,yes,published
15,mechatronics-technician,Mechatronics and Automation Technician,15.04,Electromechanical Technologies/Technicians,17-3024,Electro-Mechanical and Mechatronics Technologists and Technicians,MFG,DIRECT,yes,published
16,cad-drafter,CAD Drafter,15.13,Drafting/Design Engineering Technologies/Technicians,17-3011,Architectural and Civil Drafters,MFG,DIRECT,yes,published
17,machinist,Machinist,48.05,Precision Metal Working,51-4041,Machinists,MFG,DIRECT,yes,published
18,cnc-operator,CNC Machine Operator,48.05,Precision Metal Working,51-9161,Computer Numerically Controlled Tool Operators,MFG,DIRECT,yes,section:machinist
19,welder,Welder,48.05,Precision Metal Working,51-4121,"Welders, Cutters, Solderers, and Brazers",MFG,DIRECT,yes,published
20,industrial-maintenance-technician,Industrial Maintenance Technician,47.03,Heavy/Industrial Equipment Maintenance Technologies/Technicians,49-9041,Industrial Machinery Mechanics,MFG,DIRECT,yes,published
21,quality-control-inspector,Quality Control Inspector,15.07,Quality Control and Safety Technologies/Technicians,51-9061,"Inspectors, Testers, Sorters, Samplers, and Weighers",MFG,DIRECT,yes,section:industrial-engineering-technician
22,production-supervisor,Manufacturing Production Supervisor,15.06,Industrial Production Technologies/Technicians,51-1011,First-Line Supervisors of Production and Operating Workers,MFG,CHOICE,yes,published
23,hvac-technician,HVAC Technician,47.02,"Heating, Air Conditioning, Ventilation and Refrigeration Maintenance Technology/Technician (HAC, HACR, HVAC, HVACR)",49-9021,"Heating, Air Conditioning, and Refrigeration Mechanics and Installers",MFG,DIRECT,yes,published
24,electrician,Electrician,46.03,Electrical and Power Transmission Installers,47-2111,Electricians,MFG,DIRECT,yes,published
25,aviation-maintenance-technician,Aviation Maintenance Technician,47.06,Vehicle Maintenance and Repair Technologies/Technicians,49-3011,Aircraft Mechanics and Service Technicians,MFG,DIRECT,yes,published
26,automotive-service-technician,Automotive Service Technician,47.06,Vehicle Maintenance and Repair Technologies/Technicians,49-3023,Automotive Service Technicians and Mechanics,MFG,DIRECT,yes,published
27,logistics-analyst,Logistics and Supply Chain Analyst,52.02,"Business Administration, Management and Operations",13-1081,Logisticians,MFG,CHOICE,yes,published
28,registered-nurse,Registered Nurse,51.38,"Registered Nursing, Nursing Administration, Nursing Research and Clinical Nursing",29-1141,Registered Nurses,HLT,DIRECT,yes,published
29,licensed-practical-nurse,Licensed Practical Nurse,51.39,"Practical Nursing, Vocational Nursing and Nursing Assistants",29-2061,Licensed Practical and Licensed Vocational Nurses,HLT,DIRECT,yes,published
30,radiologic-technologist,Radiologic Technologist,51.09,"Allied Health Diagnostic, Intervention, and Treatment Professions",29-2034,Radiologic Technologists and Technicians,HLT,DIRECT,yes,published
31,respiratory-therapist,Respiratory Therapist,51.09,"Allied Health Diagnostic, Intervention, and Treatment Professions",29-1126,Respiratory Therapists,HLT,DIRECT,yes,published
32,dental-hygienist,Dental Hygienist,51.06,Dental Support Services and Allied Professions,29-1292,Dental Hygienists,HLT,DIRECT,yes,published
33,medical-laboratory-scientist,Medical Laboratory Scientist,51.10,Clinical/Medical Laboratory Science/Research and Allied Professions,29-2011,Medical and Clinical Laboratory Technologists,HLT,DIRECT,yes,published
34,physical-therapist-assistant,Physical Therapist Assistant,51.08,Allied Health and Medical Assisting Services,31-2021,Physical Therapist Assistants,HLT,DIRECT,yes,published
35,paramedic,Paramedic,51.09,"Allied Health Diagnostic, Intervention, and Treatment Professions",29-2043,Paramedics,HLT,DIRECT,yes,published
36,surgical-technologist,Surgical Technologist,51.09,"Allied Health Diagnostic, Intervention, and Treatment Professions",29-2055,Surgical Technologists,HLT,DIRECT,yes,published
37,software-developer,Software Developer,11.07,Computer Science,15-1252,Software Developers,CMP,CHOICE,yes,published
38,cybersecurity-analyst,Cybersecurity Analyst,11.10,Computer/Information Technology Administration and Management,15-1212,Information Security Analysts,CMP,CHOICE,yes,published
39,network-administrator,Network Administrator,11.09,Computer Systems Networking and Telecommunications,15-1244,Network and Computer Systems Administrators,CMP,CHOICE,yes,published
40,data-scientist,Data Scientist,30.70,Data Science,15-2051,Data Scientists,CMP,CHOICE,yes,published
41,accountant,Accountant / CPA,52.03,Accounting and Related Services,13-2011,Accountants and Auditors,BUS,DIRECT,yes,published
42,financial-analyst,Financial Analyst,52.08,Finance and Financial Management Services,13-2051,Financial and Investment Analysts,BUS,CHOICE,yes,published
43,human-resources-specialist,Human Resources Specialist,52.10,Human Resources Management and Services,13-1071,Human Resources Specialists,BUS,CHOICE,yes,published
44,construction-manager,Construction Manager,52.20,Construction Management,11-9021,Construction Managers,BUS,CHOICE,yes,published
45,lawyer,Lawyer,22.01,Law,23-1011,Lawyers,LAW,CHOICE,yes,published
46,paralegal,Paralegal,22.03,Legal Support Services,23-2011,Paralegals and Legal Assistants,LAW,DIRECT,yes,published
47,elementary-school-teacher,Elementary School Teacher,13.12,"Teacher Education and Professional Development, Specific Levels and Methods",25-2021,"Elementary School Teachers, Except Special Education",EDU,DIRECT,yes,
48,secondary-school-teacher,Secondary School Teacher,13.13,"Teacher Education and Professional Development, Specific Subject Areas",25-2031,"Secondary School Teachers, Except Special and Career/Technical Education",EDU,DIRECT,yes,
49,police-officer,Police Officer,43.01,Criminal Justice and Corrections,33-3051,Police and Sheriff's Patrol Officers,PUB,DIRECT,yes,
50,firefighter,Firefighter,43.02,Fire Protection,33-2011,Firefighters,PUB,DIRECT,yes,
51,penetration-tester,Penetration Tester,11.10,Computer/Information Technology Administration and Management,15-1299,"Computer Occupations, All Other",CMP,DIRECT,yes,section:cybersecurity-analyst
52,information-security-engineer,Information Security Engineer,11.10,Computer/Information Technology Administration and Management,15-1299,"Computer Occupations, All Other",CMP,DIRECT,yes,section:cybersecurity-analyst
53,digital-forensics-analyst,Digital Forensics Analyst,11.10,Computer/Information Technology Administration and Management,15-1299,"Computer Occupations, All Other",CMP,DIRECT,yes,section:cybersecurity-analyst
54,computer-network-architect,Computer Network Architect,11.09,Computer Systems Networking and Telecommunications,15-1241,Computer Network Architects,CMP,DIRECT,yes,section:network-administrator
55,computer-support-specialist,Computer Support Specialist,11.09,Computer Systems Networking and Telecommunications,15-1232,Computer User Support Specialists,CMP,DIRECT,yes,section:network-administrator
56,bookkeeping-clerk,Bookkeeping and Accounting Clerk,52.03,Accounting and Related Services,43-3031,"Bookkeeping, Accounting, and Auditing Clerks",BUS,DIRECT,yes,section:accountant
57,tax-preparer,Tax Preparer,52.03,Accounting and Related Services,13-2082,Tax Preparers,BUS,DIRECT,yes,section:accountant
58,personal-financial-advisor,Personal Financial Advisor,52.08,Finance and Financial Management Services,13-2052,Personal Financial Advisors,BUS,CHOICE,yes,section:financial-analyst
59,financial-risk-specialist,Financial Risk Specialist,52.08,Finance and Financial Management Services,13-2054,Financial Risk Specialists,BUS,CHOICE,yes,section:financial-analyst
60,budget-analyst,Budget Analyst,52.08,Finance and Financial Management Services,13-2031,Budget Analysts,BUS,CHOICE,yes,section:financial-analyst
61,human-resources-manager,Human Resources Manager,52.10,Human Resources Management and Services,11-3121,Human Resources Managers,BUS,CHOICE,yes,section:human-resources-specialist
62,training-development-specialist,Training and Development Specialist,52.10,Human Resources Management and Services,13-1151,Training and Development Specialists,BUS,CHOICE,yes,section:human-resources-specialist
63,compensation-benefits-specialist,Compensation and Benefits Specialist,52.10,Human Resources Management and Services,13-1141,"Compensation, Benefits, and Job Analysis Specialists",BUS,CHOICE,yes,section:human-resources-specialist
64,construction-supervisor,Construction Supervisor and Superintendent,52.20,Construction Management,47-1011,First-Line Supervisors of Construction Trades and Extraction Workers,BUS,DIRECT,yes,section:construction-manager
65,cost-estimator,Cost Estimator,52.20,Construction Management,13-1051,Cost Estimators,BUS,CHOICE,yes,section:construction-manager
66,title-examiner,Title Examiner and Abstractor,22.03,Legal Support Services,23-2093,"Title Examiners, Abstractors, and Searchers",LAW,DIRECT,yes,section:paralegal
